-- MySQL dump 10.13  Distrib 5.7.14, for osx10.11 (x86_64)
--
-- Host: localhost    Database: posostats
-- ------------------------------------------------------
-- Server version	5.7.14

/*!40101 SET @OLD_CHARACTER_SET_CLIENT=@@CHARACTER_SET_CLIENT */;
/*!40101 SET @OLD_CHARACTER_SET_RESULTS=@@CHARACTER_SET_RESULTS */;
/*!40101 SET @OLD_COLLATION_CONNECTION=@@COLLATION_CONNECTION */;
/*!40101 SET NAMES utf8 */;
/*!40103 SET @OLD_TIME_ZONE=@@TIME_ZONE */;
/*!40103 SET TIME_ZONE='+00:00' */;
/*!40014 SET @OLD_UNIQUE_CHECKS=@@UNIQUE_CHECKS, UNIQUE_CHECKS=0 */;
/*!40014 SET @OLD_FOREIGN_KEY_CHECKS=@@FOREIGN_KEY_CHECKS, FOREIGN_KEY_CHECKS=0 */;
/*!40101 SET @OLD_SQL_MODE=@@SQL_MODE, SQL_MODE='NO_AUTO_VALUE_ON_ZERO' */;
/*!40111 SET @OLD_SQL_NOTES=@@SQL_NOTES, SQL_NOTES=0 */;

--
-- Table structure for table `candidates`
--

DROP TABLE IF EXISTS `candidates`;
/*!40101 SET @saved_cs_client     = @@character_set_client */;
/*!40101 SET character_set_client = utf8 */;
CREATE TABLE `candidates` (
  `id` int(10) unsigned NOT NULL AUTO_INCREMENT,
  `party_id` int(10) unsigned NOT NULL,
  `title` varchar(4) DEFAULT NULL,
  `first_name` varchar(100) NOT NULL,
  `last_name` varchar(100) NOT NULL,
  `created_at` timestamp(6) NOT NULL DEFAULT CURRENT_TIMESTAMP(6),
  `updated_at` timestamp(6) NOT NULL DEFAULT CURRENT_TIMESTAMP(6),
  PRIMARY KEY (`id`),
  KEY `candidates_party_id_foreign` (`party_id`),
  KEY `candidates_last_name_index` (`last_name`),
  CONSTRAINT `candidates_party_id_foreign` FOREIGN KEY (`party_id`) REFERENCES `parties` (`id`)
) ENGINE=InnoDB AUTO_INCREMENT=11 DEFAULT CHARSET=utf8;
/*!40101 SET character_set_client = @saved_cs_client */;

--
-- Dumping data for table `candidates`
--

LOCK TABLES `candidates` WRITE;
/*!40000 ALTER TABLE `candidates` DISABLE KEYS */;
INSERT INTO `candidates` VALUES (1,2,'Dr.','Angela','Merkel','2017-07-16 19:25:03.781666','2017-07-16 19:25:03.781666'),(2,3,NULL,'Joachim','Herrmann','2017-07-16 19:25:03.784648','2017-07-16 19:25:03.784648'),(3,7,NULL,'Martin','Schulz','2017-07-16 19:25:03.786176','2017-07-16 19:25:03.786176'),(4,4,'Dr.','Sahra','Wagenknecht','2017-07-16 19:25:03.787855','2017-07-16 19:25:03.787855'),(5,4,'Dr.','Dietmar','Bartsch','2017-07-16 19:25:03.789384','2017-07-16 19:25:03.789384'),(6,8,NULL,'Katrin','Göring-Eckardt','2017-07-16 19:25:03.790914','2017-07-16 19:25:03.790914'),(7,8,NULL,'Cem','Özdemir','2017-07-16 19:25:03.792534','2017-07-16 19:25:03.792534'),(8,5,NULL,'Christian','Lindner','2017-07-16 19:25:03.793894','2017-07-16 19:25:03.793894'),(9,1,'Dr.','Alice','Weidel','2017-07-16 19:25:03.795231','2017-07-16 19:25:03.795231'),(10,1,'Dr.','Alexander','Gauland','2017-07-16 19:25:03.796466','2017-07-16 19:25:03.796466');
/*!40000 ALTER TABLE `candidates` ENABLE KEYS */;
UNLOCK TABLES;

--
-- Table structure for table `facebook_accounts`
--

DROP TABLE IF EXISTS `facebook_accounts`;
/*!40101 SET @saved_cs_client     = @@character_set_client */;
/*!40101 SET character_set_client = utf8 */;
CREATE TABLE `facebook_accounts` (
  `id` int(10) unsigned NOT NULL AUTO_INCREMENT,
  `candidate_id` int(10) unsigned DEFAULT NULL,
  `party_id` int(10) unsigned NOT NULL,
  `link` varchar(200) NOT NULL,
  `page_name` varchar(100) NOT NULL,
  `created_at` timestamp(6) NOT NULL DEFAULT CURRENT_TIMESTAMP(6),
  `updated_at` timestamp(6) NOT NULL DEFAULT CURRENT_TIMESTAMP(6),
  `likes_count` int(11) NOT NULL DEFAULT '0',
  PRIMARY KEY (`id`),
  UNIQUE KEY `facebook_accounts_link_unique` (`link`),
  UNIQUE KEY `facebook_accounts_page_name_unique` (`page_name`),
  KEY `facebook_accounts_candidate_id_foreign` (`candidate_id`),
  KEY `facebook_accounts_party_id_foreign` (`party_id`),
  KEY `facebook_accounts_page_name_index` (`page_name`),
  CONSTRAINT `facebook_accounts_candidate_id_foreign` FOREIGN KEY (`candidate_id`) REFERENCES `candidates` (`id`),
  CONSTRAINT `facebook_accounts_party_id_foreign` FOREIGN KEY (`party_id`) REFERENCES `parties` (`id`)
) ENGINE=InnoDB AUTO_INCREMENT=17 DEFAULT CHARSET=utf8;
/*!40101 SET character_set_client = @saved_cs_client */;

--
-- Dumping data for table `facebook_accounts`
--

LOCK TABLES `facebook_accounts` WRITE;
/*!40000 ALTER TABLE `facebook_accounts` DISABLE KEYS */;
INSERT INTO `facebook_accounts` VALUES (1,NULL,2,'https://www.facebook.com/CDU/','CDU','2017-07-16 22:39:46.382677','2017-07-17 16:29:38.303112',137050),(2,NULL,3,'https://www.facebook.com/CSU/','CSU','2017-07-16 22:39:46.384598','2017-07-17 16:29:38.731569',177986),(3,NULL,7,'https://www.facebook.com/SPD/','SPD','2017-07-16 22:39:46.386149','2017-07-17 16:29:40.652892',145096),(4,NULL,4,'https://www.facebook.com/linkspartei/','linkspartei','2017-07-16 22:39:46.387649','2017-07-17 16:29:39.181346',199162),(5,NULL,8,'https://www.facebook.com/B90DieGruenen/','B90DieGruenen','2017-07-16 22:39:46.389163','2017-07-17 16:29:40.139603',144465),(6,NULL,5,'https://www.facebook.com/FDP/','FDP','2017-07-16 22:39:46.390720','2017-07-17 16:29:39.632038',98350),(7,NULL,1,'https://www.facebook.com/alternativefuerde/','alternativefuerde','2017-07-16 22:39:46.392128','2017-07-17 16:10:23.520004',329593),(8,1,2,'https://www.facebook.com/AngelaMerkel/','AngelaMerkel','2017-07-16 23:02:11.382248','2017-07-17 16:29:41.131847',2472027),(9,2,3,'https://www.facebook.com/joachim.herrmann.csu/','joachim.herrmann.csu','2017-07-16 23:02:11.385379','2017-07-17 15:46:04.642809',5472),(10,3,7,'https://www.facebook.com/martinschulz/','martinschulz','2017-07-16 23:02:11.388368','2017-07-17 16:29:41.441063',344754),(11,4,4,'https://www.facebook.com/sahra.wagenknecht/','sahra.wagenknecht','2017-07-16 23:02:11.390620','2017-07-17 16:29:41.962894',377820),(12,5,4,'https://www.facebook.com/DietmarBartschMdB/','DietmarBartschMdB','2017-07-16 23:02:11.392622','2017-07-17 16:29:42.462453',30405),(13,6,8,'https://www.facebook.com/GoeringEckardt/','GoeringEckardt','2017-07-16 23:02:11.394444','2017-07-17 16:10:25.386464',33709),(14,7,8,'https://www.facebook.com/Cem/','Cem','2017-07-16 23:02:11.396320','2017-07-17 16:29:43.396680',126803),(15,8,5,'https://www.facebook.com/lindner.christian/','lindner.christian','2017-07-16 23:02:11.398037','2017-07-17 16:29:43.805474',155135),(16,9,1,'https://www.facebook.com/aliceweidel/','aliceweidel','2017-07-16 23:02:11.399997','2017-07-17 16:29:44.248021',49950);
/*!40000 ALTER TABLE `facebook_accounts` ENABLE KEYS */;
UNLOCK TABLES;

--
-- Table structure for table `facebook_posts`
--

DROP TABLE IF EXISTS `facebook_posts`;
/*!40101 SET @saved_cs_client     = @@character_set_client */;
/*!40101 SET character_set_client = utf8 */;
CREATE TABLE `facebook_posts` (
  `id` int(10) unsigned NOT NULL AUTO_INCREMENT,
  `facebook_account_id` int(10) unsigned NOT NULL,
  `facebook_post_id` varchar(255) NOT NULL,
  `facebook_created_at` varchar(255) DEFAULT NULL,
  `comments_count` int(11) NOT NULL DEFAULT '0',
  `reactions_count` int(11) NOT NULL DEFAULT '0',
  `created_at` timestamp(6) NOT NULL DEFAULT CURRENT_TIMESTAMP(6),
  `updated_at` timestamp(6) NOT NULL DEFAULT CURRENT_TIMESTAMP(6),
  PRIMARY KEY (`id`),
  UNIQUE KEY `facebook_posts_facebook_post_id_unique` (`facebook_post_id`),
  KEY `facebook_posts_facebook_account_id_foreign` (`facebook_account_id`),
  CONSTRAINT `facebook_posts_facebook_account_id_foreign` FOREIGN KEY (`facebook_account_id`) REFERENCES `facebook_accounts` (`id`)
) ENGINE=InnoDB AUTO_INCREMENT=947 DEFAULT CHARSET=utf8;
/*!40101 SET character_set_client = @saved_cs_client */;

--
-- Dumping data for table `facebook_posts`
--

LOCK TABLES `facebook_posts` WRITE;
/*!40000 ALTER TABLE `facebook_posts` DISABLE KEYS */;
INSERT INTO `facebook_posts` VALUES (623,13,'60074915591_10154709365735592','2017-07-17T09:13:43+0000',22,193,'2017-07-17 14:43:12.810377','2017-07-17 16:29:45.946242'),(624,6,'21289227249_10155541650037250','2017-07-17T15:22:47+0000',26,188,'2017-07-17 14:43:12.914404','2017-07-17 16:29:46.705184'),(625,12,'135751919841485_1494884813928182','2017-07-15T13:20:57+0000',6,225,'2017-07-17 14:43:12.930776','2017-07-17 16:29:45.581464'),(626,14,'36379612880_10155330704877881','2017-07-15T14:24:40+0000',57,109,'2017-07-17 14:43:12.948488','2017-07-17 16:29:45.657136'),(627,9,'741724592531706_1391503130887179','2017-07-17T10:50:29+0000',0,19,'2017-07-17 14:43:13.084481','2017-07-17 15:46:05.844437'),(628,5,'47217143218_10156332612318219','2017-07-17T15:36:32+0000',30,262,'2017-07-17 14:43:13.140091','2017-07-17 16:29:46.772463'),(629,4,'47694585682_10154470307220683','2017-07-17T14:20:35+0000',47,423,'2017-07-17 14:43:13.192991','2017-07-17 16:29:46.087604'),(630,3,'47930567748_10154829891322749','2017-07-17T16:19:18+0000',34,307,'2017-07-17 14:43:13.211373','2017-07-17 16:29:46.384034'),(631,10,'75969208461_10155098900638462','2017-07-17T07:35:40+0000',448,3728,'2017-07-17 14:43:13.215899','2017-07-17 16:29:47.379836'),(632,11,'206307219386683_1788929741124415','2017-07-16T19:53:38+0000',1118,4911,'2017-07-17 14:43:13.222218','2017-07-17 16:29:46.064413'),(633,15,'143504445664134_1784621118219117','2017-07-17T13:15:00+0000',121,1395,'2017-07-17 14:43:13.265976','2017-07-17 16:29:46.228930'),(634,1,'78502295414_10154842435670415','2017-07-17T08:21:13+0000',926,5971,'2017-07-17 14:43:13.272159','2017-07-17 16:29:45.855842'),(635,13,'60074915591_10154697224950592','2017-07-13T16:52:56+0000',14,216,'2017-07-17 14:43:13.277474','2017-07-17 14:43:13.277474'),(636,16,'1061322973878937_1620965717914657','2017-07-17T15:21:50+0000',73,552,'2017-07-17 14:43:13.331496','2017-07-17 16:29:46.233379'),(637,8,'59788447049_10154632433792050','2017-07-17T13:06:00+0000',436,2878,'2017-07-17 14:43:13.348777','2017-07-17 16:29:45.981833'),(638,14,'36379612880_10155329740042881','2017-07-15T07:42:26+0000',323,2181,'2017-07-17 14:43:13.418972','2017-07-17 16:29:46.431721'),(639,12,'135751919841485_1494725300610800','2017-07-15T10:06:21+0000',9,147,'2017-07-17 14:43:13.457276','2017-07-17 14:43:13.457276'),(640,7,'540404695989874_1565562303474103','2017-07-17T15:26:18+0000',164,2005,'2017-07-17 14:43:13.482872','2017-07-17 16:29:46.173027'),(641,9,'741724592531706_1391343707569788','2017-07-17T08:01:00+0000',15,79,'2017-07-17 14:43:13.529673','2017-07-17 16:29:46.728213'),(642,5,'47217143218_10156328035373219','2017-07-16T12:53:09+0000',80,383,'2017-07-17 14:43:13.658893','2017-07-17 16:29:47.424059'),(643,2,'81386795687_10155440413090688','2017-07-17T13:22:12+0000',225,453,'2017-07-17 14:43:13.662722','2017-07-17 16:29:46.225295'),(644,11,'206307219386683_1788296081187781','2017-07-16T07:18:23+0000',379,3520,'2017-07-17 14:43:13.758262','2017-07-17 16:29:47.000494'),(645,6,'21289227249_10155541100222250','2017-07-17T11:40:33+0000',45,1468,'2017-07-17 14:43:13.764837','2017-07-17 16:29:48.130479'),(646,13,'60074915591_10154693104105592','2017-07-12T08:11:47+0000',11,70,'2017-07-17 14:43:13.792734','2017-07-17 14:43:13.792734'),(647,1,'78502295414_10154840411230415','2017-07-16T17:02:34+0000',62,134,'2017-07-17 14:43:13.818812','2017-07-17 16:29:46.538719'),(648,8,'59788447049_10154632326642050','2017-07-17T06:52:40+0000',455,1603,'2017-07-17 14:43:13.843425','2017-07-17 16:29:47.008541'),(649,12,'135751919841485_1492830734133590','2017-07-13T15:20:59+0000',215,870,'2017-07-17 14:43:13.869772','2017-07-17 16:10:28.005284'),(650,14,'36379612880_10155325674562881','2017-07-14T15:11:10+0000',15,131,'2017-07-17 14:43:13.899032','2017-07-17 15:46:07.522218'),(651,9,'741724592531706_1390497720987720','2017-07-16T10:27:30+0000',0,35,'2017-07-17 14:43:13.946424','2017-07-17 14:43:13.946424'),(652,10,'75969208461_10155098553618462','2017-07-16T13:56:05+0000',674,3795,'2017-07-17 14:43:13.996081','2017-07-17 16:29:49.161404'),(653,4,'47694585682_10154469782830683','2017-07-17T08:59:44+0000',78,1328,'2017-07-17 14:43:13.999997','2017-07-17 16:29:47.161006'),(654,15,'143504445664134_1784456068235622','2017-07-17T08:49:43+0000',190,2137,'2017-07-17 14:43:14.085288','2017-07-17 16:29:47.732847'),(655,5,'47217143218_10156324899948219','2017-07-15T18:08:10+0000',49,106,'2017-07-17 14:43:14.131270','2017-07-17 14:43:14.131270'),(656,2,'81386795687_10155440539435688','2017-07-17T12:00:32+0000',439,426,'2017-07-17 14:43:14.135251','2017-07-17 16:29:47.228284'),(657,16,'1061322973878937_1620710674606828','2017-07-17T10:41:40+0000',274,2617,'2017-07-17 14:43:14.182251','2017-07-17 16:29:47.312276'),(658,13,'60074915591_10154678050180592','2017-07-11T08:42:17+0000',10,71,'2017-07-17 14:43:14.195777','2017-07-17 14:43:14.195777'),(659,11,'206307219386683_1786046598079396','2017-07-14T14:52:57+0000',246,2676,'2017-07-17 14:43:14.216959','2017-07-17 16:29:47.877416'),(660,1,'78502295414_10154840071870415','2017-07-16T15:25:26+0000',118,1242,'2017-07-17 14:43:14.245570','2017-07-17 16:10:29.028396'),(661,12,'135751919841485_1492697177480279','2017-07-13T12:58:55+0000',20,204,'2017-07-17 14:43:14.257538','2017-07-17 14:43:14.257538'),(662,14,'36379612880_10155324974597881','2017-07-14T10:15:55+0000',93,423,'2017-07-17 14:43:14.336220','2017-07-17 16:10:28.943255'),(663,9,'741724592531706_1389932044377621','2017-07-15T20:52:28+0000',0,53,'2017-07-17 14:43:14.367282','2017-07-17 14:43:14.367282'),(664,3,'47930567748_10154829000827749','2017-07-17T09:20:17+0000',214,1825,'2017-07-17 14:43:14.418039','2017-07-17 16:29:47.583220'),(665,10,'75969208461_10155098103018462','2017-07-16T09:51:08+0000',2124,3600,'2017-07-17 14:43:14.420553','2017-07-17 16:29:50.118429'),(666,4,'47694585682_10154451815560683','2017-07-15T14:31:01+0000',74,1379,'2017-07-17 14:43:14.455054','2017-07-17 16:29:48.188387'),(667,6,'21289227249_10155540523407250','2017-07-17T08:09:00+0000',349,2676,'2017-07-17 14:43:14.497674','2017-07-17 16:29:49.201678'),(668,15,'143504445664134_1783381065009789','2017-07-16T11:13:58+0000',24,804,'2017-07-17 14:43:14.512926','2017-07-17 16:29:48.787257'),(669,7,'540404695989874_1565261383504195','2017-07-17T09:35:13+0000',509,3303,'2017-07-17 14:43:14.537885','2017-07-17 16:29:47.678403'),(670,16,'1061322973878937_1618272884850607','2017-07-15T13:47:13+0000',30,450,'2017-07-17 14:43:14.593920','2017-07-17 16:29:48.225111'),(671,8,'59788447049_10154629492097050','2017-07-16T10:04:42+0000',602,3361,'2017-07-17 14:43:14.612135','2017-07-17 16:29:47.968426'),(672,5,'47217143218_10156320368083219','2017-07-14T15:07:44+0000',51,253,'2017-07-17 14:43:14.634603','2017-07-17 15:46:10.339427'),(673,13,'60074915591_10154681145450592','2017-07-08T10:00:34+0000',44,139,'2017-07-17 14:43:14.673695','2017-07-17 14:43:14.673695'),(674,12,'135751919841485_1491836187566378','2017-07-12T17:37:59+0000',7,209,'2017-07-17 14:43:14.692225','2017-07-17 14:43:14.692225'),(675,1,'78502295414_10154837098840415','2017-07-15T17:13:24+0000',169,767,'2017-07-17 14:43:14.716391','2017-07-17 16:10:29.668067'),(676,11,'206307219386683_1785359168148139','2017-07-14T07:24:19+0000',101,1490,'2017-07-17 14:43:14.720465','2017-07-17 16:29:48.587666'),(677,9,'741724592531706_1389855524385273','2017-07-15T19:06:18+0000',6,68,'2017-07-17 14:43:14.759939','2017-07-17 14:43:14.759939'),(678,14,'36379612880_10155320043847881','2017-07-13T12:48:38+0000',46,330,'2017-07-17 14:43:14.788601','2017-07-17 14:43:14.788601'),(679,10,'75969208461_10155094207188462','2017-07-15T13:59:54+0000',706,4717,'2017-07-17 14:43:14.855935','2017-07-17 16:29:51.091387'),(680,2,'81386795687_10155440437065688','2017-07-17T11:12:07+0000',844,1825,'2017-07-17 14:43:14.929094','2017-07-17 16:29:48.712153'),(681,15,'143504445664134_1782304711784091','2017-07-15T18:02:00+0000',108,1014,'2017-07-17 14:43:14.944261','2017-07-17 16:29:49.375219'),(682,4,'47694585682_10154460366305683','2017-07-14T13:39:49+0000',119,1333,'2017-07-17 14:43:14.956655','2017-07-17 16:29:49.189966'),(683,16,'1061322973878937_1618136508197578','2017-07-15T11:39:30+0000',153,2385,'2017-07-17 14:43:14.998147','2017-07-17 16:29:49.230899'),(684,6,'21289227249_10155537940612250','2017-07-16T13:23:19+0000',85,1280,'2017-07-17 14:43:15.001234','2017-07-17 16:29:50.200381'),(685,5,'47217143218_10156314501138219','2017-07-13T15:16:39+0000',60,361,'2017-07-17 14:43:15.055693','2017-07-17 15:46:11.219145'),(686,12,'135751919841485_1491739804242683','2017-07-12T15:28:42+0000',9,166,'2017-07-17 14:43:15.070987','2017-07-17 14:43:15.070987'),(687,13,'60074915591_10154678230345592','2017-07-07T14:29:08+0000',78,528,'2017-07-17 14:43:15.097655','2017-07-17 14:43:15.097655'),(688,3,'47930567748_10154826214052749','2017-07-16T11:53:34+0000',134,832,'2017-07-17 14:43:15.162335','2017-07-17 16:29:48.577459'),(689,11,'206307219386683_1784547651562624','2017-07-13T19:00:07+0000',346,4342,'2017-07-17 14:43:15.191333','2017-07-17 14:43:15.191333'),(690,9,'741724592531706_1389854767718682','2017-07-15T19:04:54+0000',1,32,'2017-07-17 14:43:15.204260','2017-07-17 14:43:15.204260'),(691,1,'78502295414_10154833354065415','2017-07-14T12:09:24+0000',107,1137,'2017-07-17 14:43:15.230880','2017-07-17 16:10:30.269446'),(692,7,'540404695989874_1565218546841812','2017-07-17T07:23:03+0000',249,3463,'2017-07-17 14:43:15.256922','2017-07-17 16:29:49.275299'),(693,10,'75969208461_10155088447818462','2017-07-14T06:00:00+0000',518,4523,'2017-07-17 14:43:15.284725','2017-07-17 16:29:51.976746'),(694,14,'36379612880_10155316748712881','2017-07-12T16:19:27+0000',69,315,'2017-07-17 14:43:15.313094','2017-07-17 14:43:15.313094'),(695,8,'59788447049_10154626935027050','2017-07-15T13:42:24+0000',723,6711,'2017-07-17 14:43:15.325678','2017-07-17 16:29:48.920612'),(696,4,'47694585682_10154457810940683','2017-07-13T17:03:41+0000',24,473,'2017-07-17 14:43:15.436006','2017-07-17 14:43:15.436006'),(697,6,'21289227249_10155537250907250','2017-07-16T08:02:00+0000',117,2475,'2017-07-17 14:43:15.500776','2017-07-17 16:29:51.109809'),(698,16,'1061322973878937_1618083801536182','2017-07-15T10:35:45+0000',96,1684,'2017-07-17 14:43:15.504742','2017-07-17 15:12:49.064172'),(699,12,'135751919841485_1491520094264654','2017-07-12T11:12:17+0000',16,379,'2017-07-17 14:43:15.517240','2017-07-17 14:43:15.517240'),(700,5,'47217143218_10156310469558219','2017-07-12T15:57:53+0000',143,403,'2017-07-17 14:43:15.540463','2017-07-17 14:43:15.540463'),(701,13,'60074915591_10154677449520592','2017-07-07T08:24:28+0000',28,217,'2017-07-17 14:43:15.543628','2017-07-17 14:43:15.543628'),(702,9,'741724592531706_1390322224338603','2017-07-16T05:39:48+0000',3,72,'2017-07-17 14:43:15.622271','2017-07-17 14:43:15.622271'),(703,3,'47930567748_10154825919072749','2017-07-16T08:44:46+0000',1500,1508,'2017-07-17 14:43:15.636076','2017-07-17 16:10:30.664639'),(704,11,'206307219386683_1781221838561872','2017-07-12T12:47:39+0000',354,7627,'2017-07-17 14:43:15.649805','2017-07-17 14:43:15.649805'),(705,1,'78502295414_10154829313035415','2017-07-13T16:31:00+0000',140,485,'2017-07-17 14:43:15.707539','2017-07-17 16:10:30.950136'),(706,2,'81386795687_10155418919190688','2017-07-17T04:30:00+0000',1151,3596,'2017-07-17 14:43:15.721152','2017-07-17 16:29:49.705548'),(707,15,'143504445664134_1782348975112998','2017-07-15T15:52:28+0000',132,3839,'2017-07-17 14:43:15.724144','2017-07-17 16:29:50.344332'),(708,10,'75969208461_10155087599728462','2017-07-13T16:28:11+0000',218,2287,'2017-07-17 14:43:15.747543','2017-07-17 14:43:15.747543'),(709,8,'59788447049_10154622695607050','2017-07-15T07:06:49+0000',482,8109,'2017-07-17 14:43:15.807946','2017-07-17 16:29:49.972654'),(710,14,'36379612880_10155311701482881','2017-07-11T12:16:59+0000',57,628,'2017-07-17 14:43:15.812594','2017-07-17 14:43:15.812594'),(711,4,'47694585682_10154454383745683','2017-07-13T15:00:00+0000',72,1942,'2017-07-17 14:43:15.901435','2017-07-17 14:43:15.901435'),(712,12,'135751919841485_1490382451045085','2017-07-11T09:51:22+0000',67,463,'2017-07-17 14:43:15.962101','2017-07-17 14:43:15.962101'),(713,16,'1061322973878937_1617130828298146','2017-07-14T15:49:15+0000',236,2485,'2017-07-17 14:43:15.967008','2017-07-17 16:10:31.993796'),(714,6,'21289227249_10155533206997250','2017-07-15T13:36:20+0000',28,432,'2017-07-17 14:43:16.002141','2017-07-17 16:29:51.849870'),(715,5,'47217143218_10156302050763219','2017-07-10T13:32:50+0000',209,587,'2017-07-17 14:43:16.020672','2017-07-17 14:43:16.020672'),(716,7,'540404695989874_1564650153565318','2017-07-16T17:47:03+0000',367,5216,'2017-07-17 14:43:16.032507','2017-07-17 16:29:50.300239'),(717,9,'741724592531706_1390318367672322','2017-07-16T05:33:06+0000',3,72,'2017-07-17 14:43:16.046913','2017-07-17 14:43:16.046913'),(718,11,'206307219386683_1781057928578263','2017-07-12T09:56:51+0000',174,1374,'2017-07-17 14:43:16.104785','2017-07-17 16:10:32.690862'),(719,3,'47930567748_10154823530547749','2017-07-15T14:57:37+0000',102,1358,'2017-07-17 14:43:16.132792','2017-07-17 15:46:13.942397'),(720,2,'81386795687_10155429637765688','2017-07-16T15:00:00+0000',661,1024,'2017-07-17 14:43:16.195686','2017-07-17 16:29:50.373160'),(721,1,'78502295414_10154829224090415','2017-07-13T14:49:21+0000',182,2069,'2017-07-17 14:43:16.238419','2017-07-17 16:29:50.030642'),(722,10,'75969208461_10155083788308462','2017-07-12T14:05:22+0000',503,6972,'2017-07-17 14:43:16.262670','2017-07-17 14:43:16.262670'),(723,14,'36379612880_10155302837392881','2017-07-09T09:21:03+0000',189,602,'2017-07-17 14:43:16.289416','2017-07-17 14:43:16.289416'),(724,8,'59788447049_10154621991912050','2017-07-14T16:01:53+0000',630,6506,'2017-07-17 14:43:16.303548','2017-07-17 16:29:50.851553'),(725,15,'143504445664134_1780935228587706','2017-07-14T12:26:04+0000',61,840,'2017-07-17 14:43:16.306613','2017-07-17 15:46:13.031940'),(726,4,'47694585682_10154456698675683','2017-07-13T07:09:28+0000',145,2950,'2017-07-17 14:43:16.354906','2017-07-17 16:29:52.842760'),(727,12,'135751919841485_1489376047812392','2017-07-10T10:55:39+0000',21,287,'2017-07-17 14:43:16.440190','2017-07-17 14:43:16.440190'),(728,16,'1061322973878937_1616787091665853','2017-07-14T09:47:58+0000',92,1206,'2017-07-17 14:43:16.478899','2017-07-17 15:46:12.376009'),(729,9,'741724592531706_1389256194445206','2017-07-15T11:13:53+0000',14,111,'2017-07-17 14:43:16.549902','2017-07-17 16:10:31.970842'),(730,7,'540404695989874_1564618803568453','2017-07-16T17:05:57+0000',147,1207,'2017-07-17 14:43:16.552393','2017-07-17 16:29:51.147795'),(731,3,'47930567748_10154814706622749','2017-07-14T06:00:01+0000',126,2629,'2017-07-17 14:43:16.574911','2017-07-17 16:29:50.551474'),(732,5,'47217143218_10156299687428219','2017-07-09T21:11:59+0000',350,579,'2017-07-17 14:43:16.590567','2017-07-17 14:43:16.590567'),(733,11,'206307219386683_1779781465372576','2017-07-11T12:47:54+0000',298,2844,'2017-07-17 14:43:16.606642','2017-07-17 14:43:16.606642'),(734,2,'81386795687_10155429895400688','2017-07-16T06:10:00+0000',49,837,'2017-07-17 14:43:16.619324','2017-07-17 15:46:11.615359'),(735,6,'21289227249_10155532378477250','2017-07-15T07:48:37+0000',381,1576,'2017-07-17 14:43:16.661719','2017-07-17 15:12:51.383884'),(736,1,'78502295414_10154828289715415','2017-07-13T07:22:22+0000',144,539,'2017-07-17 14:43:16.713438','2017-07-17 16:10:32.327559'),(737,10,'75969208461_10155083070143462','2017-07-12T07:30:17+0000',207,1867,'2017-07-17 14:43:16.728198','2017-07-17 15:46:14.934107'),(738,14,'36379612880_10155299238882881','2017-07-08T10:03:00+0000',156,220,'2017-07-17 14:43:16.797707','2017-07-17 14:43:16.797707'),(739,4,'47694585682_10154454200400683','2017-07-12T10:50:48+0000',107,1015,'2017-07-17 14:43:16.841741','2017-07-17 14:43:16.841741'),(740,8,'59788447049_10154621657757050','2017-07-14T13:37:39+0000',301,4851,'2017-07-17 14:43:16.844720','2017-07-17 16:29:51.829710'),(741,15,'143504445664134_1779892082025354','2017-07-13T15:32:29+0000',61,656,'2017-07-17 14:43:16.878967','2017-07-17 15:46:13.910707'),(742,16,'1061322973878937_1615702365107659','2017-07-13T18:48:34+0000',54,974,'2017-07-17 14:43:16.894223','2017-07-17 16:29:51.861245'),(743,12,'135751919841485_1488624434554220','2017-07-09T17:17:59+0000',34,272,'2017-07-17 14:43:16.928577','2017-07-17 14:43:16.928577'),(744,9,'741724592531706_1389213851116107','2017-07-15T09:52:44+0000',0,30,'2017-07-17 14:43:16.970892','2017-07-17 14:43:16.970892'),(745,7,'540404695989874_1564450216918645','2017-07-16T13:44:52+0000',663,2183,'2017-07-17 14:43:17.027857','2017-07-17 16:29:52.206136'),(746,5,'47217143218_10156298065693219','2017-07-09T13:09:08+0000',66,239,'2017-07-17 14:43:17.069005','2017-07-17 14:43:17.069005'),(747,3,'47930567748_10154814670547749','2017-07-13T15:30:49+0000',133,1703,'2017-07-17 14:43:17.094502','2017-07-17 15:46:15.871762'),(748,11,'206307219386683_1778427172174672','2017-07-10T16:03:11+0000',1595,18908,'2017-07-17 14:43:17.144703','2017-07-17 14:43:17.144703'),(749,6,'21289227249_10155529529327250','2017-07-14T12:37:10+0000',116,1109,'2017-07-17 14:43:17.147906','2017-07-17 16:29:53.192306'),(750,2,'81386795687_10155429780790688','2017-07-15T12:49:46+0000',28,202,'2017-07-17 14:43:17.152582','2017-07-17 14:43:17.152582'),(751,10,'75969208461_10155080267108462','2017-07-11T11:02:01+0000',171,2037,'2017-07-17 14:43:17.170763','2017-07-17 14:43:17.170763'),(752,1,'78502295414_10154825874955415','2017-07-12T13:02:24+0000',128,640,'2017-07-17 14:43:17.227763','2017-07-17 16:10:32.938856'),(753,8,'59788447049_10154618404522050','2017-07-13T14:05:00+0000',686,3455,'2017-07-17 14:43:17.367615','2017-07-17 16:10:33.775414'),(754,4,'47694585682_10154433475175683','2017-07-11T08:26:26+0000',99,935,'2017-07-17 14:43:17.415525','2017-07-17 14:43:17.415525'),(755,16,'1061322973878937_1615440945133801','2017-07-13T14:46:53+0000',26,310,'2017-07-17 14:43:17.430173','2017-07-17 14:43:17.430173'),(756,12,'135751919841485_1488519334564730','2017-07-09T15:31:31+0000',30,355,'2017-07-17 14:43:17.444251','2017-07-17 14:43:17.444251'),(757,9,'741724592531706_1389211254449700','2017-07-15T09:48:34+0000',0,22,'2017-07-17 14:43:17.448092','2017-07-17 14:43:17.448092'),(758,3,'47930567748_10154813870177749','2017-07-13T10:20:00+0000',95,704,'2017-07-17 14:43:17.581178','2017-07-17 15:46:16.563252'),(759,10,'75969208461_10155077800183462','2017-07-10T16:34:30+0000',222,1596,'2017-07-17 14:43:17.677922','2017-07-17 15:46:16.180160'),(760,11,'206307219386683_1775261402491249','2017-07-09T07:11:31+0000',410,2554,'2017-07-17 14:43:17.684042','2017-07-17 14:43:17.684042'),(761,1,'78502295414_10154823010825415','2017-07-11T13:43:48+0000',169,470,'2017-07-17 14:43:17.735778','2017-07-17 14:49:02.411755'),(762,6,'21289227249_10155529025857250','2017-07-14T08:44:53+0000',296,4294,'2017-07-17 14:43:17.748268','2017-07-17 16:29:54.063816'),(763,2,'81386795687_10155429445500688','2017-07-15T10:29:18+0000',62,574,'2017-07-17 14:43:17.751823','2017-07-17 16:10:34.702241'),(764,7,'540404695989874_1564240526939614','2017-07-16T09:03:21+0000',722,5791,'2017-07-17 14:43:17.754534','2017-07-17 16:29:53.205672'),(765,15,'143504445664134_1779563868724842','2017-07-13T10:32:36+0000',50,1239,'2017-07-17 14:43:17.796634','2017-07-17 14:43:17.796634'),(766,8,'59788447049_10154603598692050','2017-07-08T15:48:58+0000',2227,12362,'2017-07-17 14:43:17.819814','2017-07-17 16:10:34.598322'),(767,9,'741724592531706_1389040214466804','2017-07-15T04:35:04+0000',0,28,'2017-07-17 14:43:17.881265','2017-07-17 14:43:17.881265'),(768,5,'47217143218_10156293121388219','2017-07-08T09:39:13+0000',374,1072,'2017-07-17 14:43:17.897685','2017-07-17 14:43:17.897685'),(769,4,'47694585682_10154448677770683','2017-07-10T14:20:35+0000',148,1010,'2017-07-17 14:43:17.923008','2017-07-17 14:43:17.923008'),(770,12,'135751919841485_1488225447927452','2017-07-09T09:13:46+0000',8,218,'2017-07-17 14:43:17.938013','2017-07-17 14:43:17.938013'),(771,16,'1061322973878937_1615211095156786','2017-07-13T10:51:29+0000',130,933,'2017-07-17 14:43:17.966392','2017-07-17 14:43:17.966392'),(772,3,'47930567748_10154811648092749','2017-07-12T15:57:39+0000',154,1242,'2017-07-17 14:43:18.040034','2017-07-17 15:46:17.226559'),(773,10,'75969208461_10155077389008462','2017-07-10T14:11:13+0000',191,3896,'2017-07-17 14:43:18.124957','2017-07-17 14:43:18.124957'),(774,6,'21289227249_10155526433772250','2017-07-13T15:31:50+0000',6,208,'2017-07-17 14:43:18.179525','2017-07-17 14:43:18.179525'),(775,11,'206307219386683_1773204106030312','2017-07-08T17:02:26+0000',1127,6792,'2017-07-17 14:43:18.184664','2017-07-17 14:43:18.184664'),(776,7,'540404695989874_1563074983722835','2017-07-15T10:00:00+0000',634,4500,'2017-07-17 14:43:18.218179','2017-07-17 16:10:35.683212'),(777,1,'78502295414_10154820475175415','2017-07-10T16:11:46+0000',202,406,'2017-07-17 14:43:18.243868','2017-07-17 16:10:34.521470'),(778,2,'81386795687_10155429471000688','2017-07-14T10:03:26+0000',598,3010,'2017-07-17 14:43:18.256848','2017-07-17 16:29:53.061990'),(779,15,'143504445664134_1778482625499633','2017-07-12T14:11:20+0000',2407,19077,'2017-07-17 14:43:18.260258','2017-07-17 15:46:15.462809'),(780,9,'741724592531706_1388771681160324','2017-07-14T21:39:31+0000',1,19,'2017-07-17 14:43:18.273205','2017-07-17 14:43:18.273205'),(781,5,'47217143218_10156292953283219','2017-07-08T08:03:19+0000',310,337,'2017-07-17 14:43:18.296455','2017-07-17 14:43:18.296455'),(782,4,'47694585682_10154446272455683','2017-07-09T18:52:15+0000',116,1735,'2017-07-17 14:43:18.301047','2017-07-17 14:43:18.301047'),(783,8,'59788447049_10154599419537050','2017-07-07T06:58:58+0000',2340,12150,'2017-07-17 14:43:18.306647','2017-07-17 16:10:35.429762'),(784,12,'135751919841485_1487148241368506','2017-07-08T09:12:58+0000',305,3458,'2017-07-17 14:43:18.385770','2017-07-17 14:43:18.385770'),(785,16,'1061322973878937_1614176891926873','2017-07-12T13:45:50+0000',237,1829,'2017-07-17 14:43:18.408539','2017-07-17 14:43:18.408539'),(786,3,'47930567748_10154808201717749','2017-07-12T07:12:00+0000',77,701,'2017-07-17 14:43:18.492763','2017-07-17 14:43:18.492763'),(787,10,'75969208461_10155076976498462','2017-07-10T10:48:54+0000',122,901,'2017-07-17 14:43:18.641408','2017-07-17 14:43:18.641408'),(788,9,'741724592531706_1389057481131744','2017-07-15T05:01:15+0000',0,38,'2017-07-17 14:43:18.655558','2017-07-17 14:43:18.655558'),(789,11,'206307219386683_1766975973319792','2017-07-07T12:38:03+0000',836,10378,'2017-07-17 14:43:18.677219','2017-07-17 14:43:18.677219'),(790,6,'21289227249_10155525753997250','2017-07-13T11:46:36+0000',28,620,'2017-07-17 14:43:18.682216','2017-07-17 14:43:18.682216'),(791,7,'540404695989874_1562453553784978','2017-07-15T07:00:00+0000',447,4773,'2017-07-17 14:43:18.684911','2017-07-17 16:29:54.762616'),(792,15,'143504445664134_1778329952181567','2017-07-12T11:34:58+0000',72,1704,'2017-07-17 14:43:18.707430','2017-07-17 14:43:18.707430'),(793,4,'47694585682_10154442818815683','2017-07-08T17:18:29+0000',349,2955,'2017-07-17 14:43:18.747759','2017-07-17 14:43:18.747759'),(794,12,'135751919841485_1486324988117498','2017-07-07T14:30:53+0000',2,66,'2017-07-17 14:43:18.751194','2017-07-17 14:43:18.751194'),(795,5,'47217143218_10156290237368219','2017-07-07T17:02:37+0000',209,366,'2017-07-17 14:43:18.765454','2017-07-17 14:43:18.765454'),(796,2,'81386795687_10155418839650688','2017-07-14T05:30:00+0000',40,242,'2017-07-17 14:43:18.779416','2017-07-17 14:43:18.779416'),(797,16,'1061322973878937_1613946411949921','2017-07-12T09:05:04+0000',14,335,'2017-07-17 14:43:18.795308','2017-07-17 14:43:18.795308'),(798,1,'78502295414_10154813989725415','2017-07-08T16:41:48+0000',366,766,'2017-07-17 14:43:18.897986','2017-07-17 15:03:23.953004'),(799,3,'47930567748_10154808362917749','2017-07-11T15:12:58+0000',265,1594,'2017-07-17 14:43:18.905591','2017-07-17 15:12:56.662559'),(800,9,'741724592531706_2011688839060382','2017-07-13T18:41:30+0000',1,14,'2017-07-17 14:43:19.010977','2017-07-17 14:43:19.010977'),(801,10,'75969208461_10155074623478462','2017-07-09T15:40:12+0000',357,2065,'2017-07-17 14:43:19.083320','2017-07-17 14:43:19.083320'),(802,7,'540404695989874_1562317473798586','2017-07-14T14:12:17+0000',445,6964,'2017-07-17 14:43:19.115464','2017-07-17 16:29:55.766464'),(803,15,'143504445664134_1776877878993441','2017-07-11T06:01:28+0000',164,2318,'2017-07-17 14:43:19.119782','2017-07-17 14:43:19.119782'),(804,6,'21289227249_10155525158337250','2017-07-13T08:20:27+0000',156,577,'2017-07-17 14:43:19.133342','2017-07-17 14:43:19.133342'),(805,2,'81386795687_10155422920800688','2017-07-12T15:00:43+0000',758,523,'2017-07-17 14:43:19.203374','2017-07-17 14:43:19.203374'),(806,4,'47694585682_10154439482085683','2017-07-07T14:09:16+0000',88,297,'2017-07-17 14:43:19.207470','2017-07-17 14:43:19.207470'),(807,5,'47217143218_10156289724103219','2017-07-07T13:48:07+0000',337,1669,'2017-07-17 14:43:19.233460','2017-07-17 14:43:19.233460'),(808,16,'1061322973878937_1612960868715142','2017-07-11T14:15:22+0000',162,2866,'2017-07-17 14:43:19.236804','2017-07-17 15:46:16.731604'),(809,3,'47930567748_10154804862752749','2017-07-10T12:26:23+0000',264,1871,'2017-07-17 14:43:19.363790','2017-07-17 15:03:24.873467'),(810,9,'741724592531706_305720069890455','2017-07-13T18:41:30+0000',0,31,'2017-07-17 14:43:19.400034','2017-07-17 15:46:16.523676'),(811,10,'75969208461_10155071028508462','2017-07-08T13:24:32+0000',836,5307,'2017-07-17 14:43:19.484536','2017-07-17 14:43:19.484536'),(812,6,'21289227249_10155522996342250','2017-07-12T16:37:43+0000',212,2973,'2017-07-17 14:43:19.556744','2017-07-17 14:43:19.556744'),(813,15,'143504445664134_1776391465708749','2017-07-10T19:01:07+0000',268,3978,'2017-07-17 14:43:19.582045','2017-07-17 14:43:19.582045'),(814,2,'81386795687_10155422061190688','2017-07-12T14:03:32+0000',19,149,'2017-07-17 14:43:19.595342','2017-07-17 14:43:19.595342'),(815,16,'1061322973878937_1612807852063777','2017-07-11T11:21:44+0000',71,1674,'2017-07-17 14:43:19.638304','2017-07-17 14:43:19.638304'),(816,9,'741724592531706_137615436820058','2017-07-13T18:24:46+0000',0,27,'2017-07-17 14:43:19.742874','2017-07-17 14:43:19.742874'),(817,3,'47930567748_10154798629167749','2017-07-08T13:19:44+0000',550,3325,'2017-07-17 14:43:19.827315','2017-07-17 16:10:37.989386'),(818,10,'75969208461_10155069446988462','2017-07-08T07:00:00+0000',225,2172,'2017-07-17 14:43:19.888135','2017-07-17 14:43:19.888135'),(819,7,'540404695989874_1562097147153952','2017-07-14T08:59:52+0000',650,3689,'2017-07-17 14:43:19.921664','2017-07-17 16:10:38.638881'),(820,6,'21289227249_10155522735262250','2017-07-12T15:06:36+0000',25,311,'2017-07-17 14:43:19.942051','2017-07-17 14:43:19.942051'),(821,15,'143504445664134_1775818072432755','2017-07-10T08:05:06+0000',29,338,'2017-07-17 14:43:20.014468','2017-07-17 14:43:20.014468'),(822,2,'81386795687_10155415511870688','2017-07-11T19:00:00+0000',38,102,'2017-07-17 14:43:20.017599','2017-07-17 14:43:20.017599'),(823,9,'741724592531706_1386472801390212','2017-07-12T13:00:52+0000',1,22,'2017-07-17 14:43:20.077028','2017-07-17 14:43:20.077028'),(824,16,'1061322973878937_1612756918735537','2017-07-11T10:21:15+0000',43,790,'2017-07-17 14:43:20.090325','2017-07-17 14:43:20.090325'),(825,3,'47930567748_10154796097412749','2017-07-07T18:40:11+0000',219,1051,'2017-07-17 14:43:20.292632','2017-07-17 14:43:20.292632'),(826,10,'75969208461_10155068280363462','2017-07-07T16:45:27+0000',1226,14353,'2017-07-17 14:43:20.295989','2017-07-17 14:43:20.295989'),(827,7,'540404695989874_1561504847213182','2017-07-13T19:30:01+0000',139,2497,'2017-07-17 14:43:20.329245','2017-07-17 16:10:39.424204'),(828,6,'21289227249_10155522251727250','2017-07-12T12:10:00+0000',65,985,'2017-07-17 14:43:20.355300','2017-07-17 14:43:20.355300'),(829,9,'741724592531706_1386467994724026','2017-07-12T12:56:24+0000',1,39,'2017-07-17 14:43:20.464533','2017-07-17 14:43:20.464533'),(830,15,'143504445664134_1775739989107230','2017-07-10T06:20:03+0000',265,6266,'2017-07-17 14:43:20.478275','2017-07-17 14:43:20.478275'),(831,2,'81386795687_10155419357345688','2017-07-11T15:39:39+0000',160,665,'2017-07-17 14:43:20.491584','2017-07-17 14:43:20.491584'),(832,16,'1061322973878937_1611419475535948','2017-07-10T09:20:01+0000',70,777,'2017-07-17 14:43:20.519007','2017-07-17 14:43:20.519007'),(833,3,'47930567748_10154794991032749','2017-07-07T12:09:23+0000',128,1311,'2017-07-17 14:43:20.692378','2017-07-17 14:43:20.692378'),(834,10,'75969208461_10155067239878462','2017-07-07T10:47:09+0000',956,16028,'2017-07-17 14:43:20.705892','2017-07-17 14:43:20.705892'),(835,7,'540404695989874_1561418927221774','2017-07-13T15:56:55+0000',133,2142,'2017-07-17 14:43:20.737018','2017-07-17 14:43:20.737018'),(836,6,'21289227249_10155522014422250','2017-07-12T10:07:00+0000',58,899,'2017-07-17 14:43:20.749773','2017-07-17 14:43:20.749773'),(837,9,'741724592531706_1386448108059348','2017-07-12T12:31:06+0000',27,345,'2017-07-17 14:43:20.859781','2017-07-17 14:43:20.859781'),(838,15,'143504445664134_1775127212501841','2017-07-09T17:30:34+0000',52,453,'2017-07-17 14:43:20.915609','2017-07-17 14:43:20.915609'),(839,2,'81386795687_10155416443225688','2017-07-10T19:45:00+0000',329,696,'2017-07-17 14:43:20.918883','2017-07-17 14:43:20.918883'),(840,16,'1061322973878937_1611365012208061','2017-07-10T07:51:03+0000',150,1661,'2017-07-17 14:43:20.932344','2017-07-17 14:43:20.932344'),(841,3,'47930567748_10154792615987749','2017-07-07T06:05:00+0000',100,686,'2017-07-17 14:43:21.081861','2017-07-17 14:43:21.081861'),(842,7,'540404695989874_1561134177250249','2017-07-13T10:55:28+0000',159,2233,'2017-07-17 14:43:21.123118','2017-07-17 16:10:40.723642'),(843,6,'21289227249_10155519339102250','2017-07-12T07:13:44+0000',66,922,'2017-07-17 14:43:21.152915','2017-07-17 14:43:21.152915'),(844,9,'741724592531706_1385880178116141','2017-07-11T20:17:24+0000',12,248,'2017-07-17 14:43:21.240893','2017-07-17 14:43:21.240893'),(845,16,'1061322973878937_1610773752267187','2017-07-09T20:05:11+0000',91,1269,'2017-07-17 14:43:21.349120','2017-07-17 14:43:21.349120'),(846,15,'143504445664134_1774856599195569','2017-07-09T12:48:21+0000',60,1251,'2017-07-17 14:43:21.378298','2017-07-17 14:43:21.378298'),(847,2,'81386795687_10155416324135688','2017-07-10T18:24:34+0000',306,2180,'2017-07-17 14:43:21.382058','2017-07-17 14:43:21.382058'),(848,7,'540404695989874_1560984077265259','2017-07-13T06:44:15+0000',170,2003,'2017-07-17 14:43:21.507805','2017-07-17 16:10:41.480231'),(849,6,'21289227249_10155519090597250','2017-07-11T14:25:55+0000',289,4639,'2017-07-17 14:43:21.570234','2017-07-17 14:43:21.570234'),(850,9,'741724592531706_1385879961449496','2017-07-11T20:16:55+0000',0,15,'2017-07-17 14:43:21.583319','2017-07-17 14:43:21.583319'),(851,16,'1061322973878937_1610668798944349','2017-07-09T18:17:09+0000',142,1046,'2017-07-17 14:43:21.743175','2017-07-17 14:43:21.743175'),(852,2,'81386795687_10155416301925688','2017-07-10T17:27:23+0000',65,210,'2017-07-17 14:43:21.768409','2017-07-17 14:43:21.768409'),(853,15,'143504445664134_1773952862619276','2017-07-08T18:01:53+0000',112,1250,'2017-07-17 14:43:21.891656','2017-07-17 14:43:21.891656'),(854,7,'540404695989874_1560509097312757','2017-07-12T17:38:49+0000',35,418,'2017-07-17 14:43:21.942898','2017-07-17 14:43:21.942898'),(855,6,'21289227249_10155518635162250','2017-07-11T11:03:33+0000',100,1412,'2017-07-17 14:43:21.969747','2017-07-17 14:43:21.969747'),(856,9,'741724592531706_1385825781454914','2017-07-11T19:07:09+0000',1,15,'2017-07-17 14:43:21.983604','2017-07-17 14:43:21.983604'),(857,16,'1061322973878937_1610271078984121','2017-07-09T12:31:49+0000',208,1859,'2017-07-17 14:43:22.178222','2017-07-17 14:43:22.178222'),(858,2,'81386795687_10155415443365688','2017-07-10T11:59:22+0000',340,2200,'2017-07-17 14:43:22.237080','2017-07-17 14:43:22.237080'),(859,15,'143504445664134_1773402236007672','2017-07-08T08:31:33+0000',125,1816,'2017-07-17 14:43:22.283133','2017-07-17 14:43:22.283133'),(860,7,'540404695989874_1560317243998609','2017-07-12T13:45:10+0000',255,2094,'2017-07-17 14:43:22.344363','2017-07-17 16:10:42.790297'),(861,9,'741724592531706_1385796278124531','2017-07-11T18:23:58+0000',1,38,'2017-07-17 14:43:22.356884','2017-07-17 14:43:22.356884'),(862,6,'21289227249_10155518297277250','2017-07-11T08:50:12+0000',52,793,'2017-07-17 14:43:22.406543','2017-07-17 14:43:22.406543'),(863,2,'81386795687_10155415102270688','2017-07-10T08:48:11+0000',274,2837,'2017-07-17 14:43:22.635492','2017-07-17 14:43:22.635492'),(864,15,'143504445664134_1772796189401610','2017-07-07T20:36:38+0000',37,417,'2017-07-17 14:43:22.662669','2017-07-17 14:43:22.662669'),(865,16,'1061322973878937_1609525692391993','2017-07-09T07:00:00+0000',55,780,'2017-07-17 14:43:22.675396','2017-07-17 14:43:22.675396'),(866,9,'741724592531706_1385712934799532','2017-07-11T16:32:36+0000',1,13,'2017-07-17 14:43:22.690759','2017-07-17 14:43:22.690759'),(867,7,'540404695989874_1560084737355193','2017-07-12T08:59:26+0000',1868,2597,'2017-07-17 14:43:22.788542','2017-07-17 14:43:22.788542'),(868,6,'21289227249_10155515786577250','2017-07-10T16:11:30+0000',106,2117,'2017-07-17 14:43:22.844209','2017-07-17 14:43:22.844209'),(869,2,'81386795687_10155398330655688','2017-07-09T17:48:04+0000',12,191,'2017-07-17 14:43:23.004218','2017-07-17 14:43:23.004218'),(870,9,'741724592531706_1385522811485211','2017-07-11T12:29:25+0000',0,3,'2017-07-17 14:43:23.043907','2017-07-17 14:43:23.043907'),(871,16,'1061322973878937_1609467839064445','2017-07-08T20:37:43+0000',230,1233,'2017-07-17 14:43:23.076386','2017-07-17 14:43:23.076386'),(872,15,'143504445664134_1772400336107862','2017-07-07T14:15:11+0000',1664,13011,'2017-07-17 14:43:23.081643','2017-07-17 14:43:23.081643'),(873,6,'21289227249_10155515229802250','2017-07-10T12:49:20+0000',15,489,'2017-07-17 14:43:23.198006','2017-07-17 14:43:23.198006'),(874,7,'540404695989874_1560016787361988','2017-07-12T07:00:59+0000',93,1084,'2017-07-17 14:43:23.211085','2017-07-17 14:43:23.211085'),(875,9,'741724592531706_1385485118155647','2017-07-11T11:33:10+0000',1,16,'2017-07-17 14:43:23.412068','2017-07-17 14:43:23.412068'),(876,2,'81386795687_10155405574430688','2017-07-09T12:00:00+0000',755,2137,'2017-07-17 14:43:23.476338','2017-07-17 14:43:23.476338'),(877,16,'1061322973878937_1609111119100117','2017-07-08T14:24:34+0000',36,483,'2017-07-17 14:43:23.493577','2017-07-17 14:43:23.493577'),(878,15,'143504445664134_1772262029455026','2017-07-07T11:41:47+0000',428,8210,'2017-07-17 14:43:23.497353','2017-07-17 14:43:23.497353'),(879,6,'21289227249_10155514605447250','2017-07-10T08:11:50+0000',24,463,'2017-07-17 14:43:23.612625','2017-07-17 14:43:23.612625'),(880,7,'540404695989874_1559374464092887','2017-07-11T17:00:01+0000',79,870,'2017-07-17 14:43:23.636929','2017-07-17 14:43:23.636929'),(881,9,'741724592531706_1387800341257458','2017-07-13T21:04:53+0000',2,141,'2017-07-17 14:43:23.761267','2017-07-17 14:43:23.761267'),(882,2,'81386795687_10155401773180688','2017-07-09T06:00:00+0000',25,606,'2017-07-17 14:43:23.871392','2017-07-17 14:43:23.871392'),(883,15,'143504445664134_1772195179461711','2017-07-07T10:45:04+0000',28,529,'2017-07-17 14:43:23.900920','2017-07-17 14:43:23.900920'),(884,16,'1061322973878937_1608859659125263','2017-07-08T09:31:16+0000',155,1739,'2017-07-17 14:43:23.996659','2017-07-17 14:43:23.996659'),(885,7,'540404695989874_1559284934101840','2017-07-11T14:31:25+0000',112,2498,'2017-07-17 14:43:24.056117','2017-07-17 14:43:24.056117'),(886,6,'21289227249_10155514318132250','2017-07-10T05:42:10+0000',4,131,'2017-07-17 14:43:24.060431','2017-07-17 14:43:24.060431'),(887,9,'741724592531706_1386484948055664','2017-07-11T19:39:54+0000',0,40,'2017-07-17 14:43:24.129754','2017-07-17 14:43:24.129754'),(888,2,'81386795687_10155405282245688','2017-07-08T11:23:36+0000',65,648,'2017-07-17 14:43:24.261132','2017-07-17 14:43:24.261132'),(889,15,'143504445664134_1772167632797799','2017-07-07T09:30:27+0000',64,1555,'2017-07-17 14:43:24.289496','2017-07-17 14:43:24.289496'),(890,16,'1061322973878937_1608728212471741','2017-07-08T06:49:30+0000',233,1934,'2017-07-17 14:43:24.370375','2017-07-17 14:43:24.370375'),(891,6,'21289227249_10155511205332250','2017-07-09T11:45:00+0000',15,177,'2017-07-17 14:43:24.447444','2017-07-17 14:43:24.447444'),(892,7,'540404695989874_1559089260788074','2017-07-11T10:15:54+0000',283,3190,'2017-07-17 14:43:24.478261','2017-07-17 14:43:24.478261'),(893,9,'741724592531706_1385373548166804','2017-07-11T08:14:45+0000',3,104,'2017-07-17 14:43:24.481852','2017-07-17 14:43:24.481852'),(894,2,'81386795687_10155405218095688','2017-07-08T10:39:50+0000',8,135,'2017-07-17 14:43:24.636971','2017-07-17 14:43:24.636971'),(895,16,'1061322973878937_1607823512562211','2017-07-07T13:06:38+0000',231,3040,'2017-07-17 14:43:24.756869','2017-07-17 14:43:24.756869'),(896,9,'741724592531706_1385324994838326','2017-07-11T06:29:23+0000',2,7,'2017-07-17 14:43:24.832757','2017-07-17 14:43:24.832757'),(897,6,'21289227249_10155510818212250','2017-07-09T08:45:00+0000',62,996,'2017-07-17 14:43:24.859861','2017-07-17 14:43:24.859861'),(898,7,'540404695989874_1558970690799931','2017-07-11T07:06:18+0000',102,701,'2017-07-17 14:43:24.887408','2017-07-17 14:43:24.887408'),(899,2,'81386795687_10155408376220688','2017-07-08T10:20:55+0000',78,264,'2017-07-17 14:43:25.057802','2017-07-17 14:43:25.057802'),(900,16,'1061322973878937_1607705849240644','2017-07-07T10:59:53+0000',150,2433,'2017-07-17 14:43:25.149477','2017-07-17 14:43:25.149477'),(901,9,'741724592531706_1384809488223210','2017-07-10T16:03:45+0000',0,16,'2017-07-17 14:43:25.166905','2017-07-17 14:43:25.166905'),(902,6,'21289227249_10155510743137250','2017-07-09T06:42:29+0000',3,68,'2017-07-17 14:43:25.238335','2017-07-17 14:43:25.238335'),(903,7,'540404695989874_1558336924196641','2017-07-10T17:00:01+0000',235,1522,'2017-07-17 14:43:25.287716','2017-07-17 14:43:25.287716'),(904,2,'81386795687_10155405522755688','2017-07-07T16:43:48+0000',927,7064,'2017-07-17 14:43:25.456379','2017-07-17 14:43:25.456379'),(905,16,'1061322973878937_1607612305916665','2017-07-07T08:58:07+0000',24,242,'2017-07-17 14:43:25.551616','2017-07-17 14:43:25.551616'),(906,9,'741724592531706_1384657198238439','2017-07-10T12:40:14+0000',14,273,'2017-07-17 14:43:25.556685','2017-07-17 14:43:25.556685'),(907,6,'21289227249_10155507464972250','2017-07-08T10:10:17+0000',238,5446,'2017-07-17 14:43:25.602115','2017-07-17 14:43:25.602115'),(908,7,'540404695989874_1558243317539335','2017-07-10T14:37:51+0000',180,5135,'2017-07-17 14:43:25.669101','2017-07-17 14:43:25.669101'),(909,2,'81386795687_10155405533580688','2017-07-07T15:17:29+0000',287,3173,'2017-07-17 14:43:25.870444','2017-07-17 14:43:25.870444'),(910,9,'741724592531706_1384625164908309','2017-07-10T12:07:42+0000',1,31,'2017-07-17 14:43:25.903097','2017-07-17 14:43:25.903097'),(911,6,'21289227249_10155507086507250','2017-07-10T08:03:06+0000',672,1614,'2017-07-17 14:43:25.983977','2017-07-17 14:43:25.983977'),(912,7,'540404695989874_1558072940889706','2017-07-10T11:25:07+0000',823,3102,'2017-07-17 14:43:26.049883','2017-07-17 14:43:26.049883'),(913,9,'741724592531706_1384621848241974','2017-07-10T12:02:54+0000',1,12,'2017-07-17 14:43:26.231631','2017-07-17 14:43:26.231631'),(914,2,'81386795687_10155397462895688','2017-07-07T06:00:00+0000',29,270,'2017-07-17 14:43:26.258835','2017-07-17 14:43:26.258835'),(915,6,'21289227249_10155505014872250','2017-07-07T16:11:06+0000',411,3838,'2017-07-17 14:43:26.348501','2017-07-17 14:43:26.348501'),(916,7,'540404695989874_1557979080899092','2017-07-10T09:20:21+0000',67,2278,'2017-07-17 14:43:26.444536','2017-07-17 14:43:26.444536'),(917,9,'741724592531706_1385346298169529','2017-07-11T06:48:23+0000',0,21,'2017-07-17 14:43:26.598029','2017-07-17 14:43:26.598029'),(918,6,'21289227249_10155504490972250','2017-07-07T13:06:04+0000',41,807,'2017-07-17 14:43:26.727223','2017-07-17 14:43:26.727223'),(919,7,'540404695989874_1557053787658288','2017-07-09T17:14:00+0000',379,3533,'2017-07-17 14:43:26.836578','2017-07-17 14:43:26.836578'),(920,9,'741724592531706_1386451334725692','2017-07-12T12:33:23+0000',1,30,'2017-07-17 14:43:26.937648','2017-07-17 14:43:26.937648'),(921,6,'21289227249_10155503787092250','2017-07-07T08:08:27+0000',2,37,'2017-07-17 14:43:27.085082','2017-07-17 14:43:27.085082'),(922,7,'540404695989874_1556966767666990','2017-07-09T14:21:00+0000',299,2204,'2017-07-17 14:43:27.234931','2017-07-17 14:43:27.234931'),(923,9,'741724592531706_1384501871587305','2017-07-10T08:53:32+0000',18,197,'2017-07-17 14:43:27.569169','2017-07-17 14:43:27.569169'),(924,7,'540404695989874_1556977850999215','2017-07-09T11:21:47+0000',136,873,'2017-07-17 14:43:27.612287','2017-07-17 14:43:27.612287'),(925,9,'741724592531706_1384443048259854','2017-07-10T07:06:20+0000',15,154,'2017-07-17 14:43:27.933030','2017-07-17 14:43:27.933030'),(926,7,'540404695989874_1556890037674663','2017-07-09T09:17:22+0000',176,2577,'2017-07-17 14:43:28.104637','2017-07-17 14:43:28.104637'),(927,9,'741724592531706_1384055828298576','2017-07-09T20:29:20+0000',1,25,'2017-07-17 14:43:28.307565','2017-07-17 14:43:28.307565'),(928,7,'540404695989874_1556019821095018','2017-07-08T13:06:35+0000',395,3643,'2017-07-17 14:43:28.493270','2017-07-17 14:43:28.493270'),(929,9,'741724592531706_1384051141632378','2017-07-09T20:22:40+0000',3,51,'2017-07-17 14:43:28.673876','2017-07-17 14:43:28.673876'),(930,7,'540404695989874_1555838417779825','2017-07-08T09:28:51+0000',478,5306,'2017-07-17 14:43:28.905608','2017-07-17 14:43:28.905608'),(931,9,'741724592531706_1384033108300848','2017-07-09T19:51:15+0000',15,373,'2017-07-17 14:43:29.017262','2017-07-17 14:43:29.017262'),(932,7,'540404695989874_1554989407864726','2017-07-07T13:29:50+0000',435,4256,'2017-07-17 14:43:29.277490','2017-07-17 14:43:29.277490'),(933,9,'741724592531706_1383772034993622','2017-07-09T14:05:34+0000',1,35,'2017-07-17 14:43:29.352764','2017-07-17 14:43:29.352764'),(934,7,'540404695989874_1554793654550968','2017-07-07T09:48:22+0000',1188,5618,'2017-07-17 14:43:29.668321','2017-07-17 14:43:29.668321'),(935,9,'741724592531706_1384448504925975','2017-07-10T07:09:57+0000',0,28,'2017-07-17 14:43:29.709255','2017-07-17 14:43:29.709255'),(936,9,'741724592531706_1382690951768397','2017-07-08T11:58:39+0000',0,12,'2017-07-17 14:43:30.040593','2017-07-17 14:43:30.040593'),(937,7,'540404695989874_1553712531325747','2017-07-07T07:00:00+0000',100,1409,'2017-07-17 14:43:30.091201','2017-07-17 14:43:30.091201'),(938,9,'741724592531706_1382660601771432','2017-07-08T11:21:37+0000',0,30,'2017-07-17 14:43:30.369447','2017-07-17 14:43:30.369447'),(939,9,'741724592531706_1384511834919642','2017-07-10T09:08:29+0000',1,128,'2017-07-17 14:43:30.718508','2017-07-17 14:43:30.718508'),(940,9,'741724592531706_1384510118253147','2017-07-10T09:07:37+0000',7,94,'2017-07-17 14:43:31.048880','2017-07-17 14:43:31.048880'),(941,9,'741724592531706_1382057578498401','2017-07-07T18:49:01+0000',0,12,'2017-07-17 14:43:31.376335','2017-07-17 14:43:31.376335'),(942,9,'741724592531706_1381757185195107','2017-07-07T12:40:04+0000',10,135,'2017-07-17 14:43:31.727452','2017-07-17 14:43:31.727452'),(943,9,'741724592531706_1381711275199698','2017-07-07T11:10:32+0000',0,14,'2017-07-17 14:43:32.084020','2017-07-17 14:43:32.084020'),(944,9,'741724592531706_1381661748537984','2017-07-07T09:52:07+0000',1,13,'2017-07-17 14:43:32.431788','2017-07-17 14:43:32.431788'),(945,9,'741724592531706_1381619081875584','2017-07-07T08:39:39+0000',0,15,'2017-07-17 14:43:32.778539','2017-07-17 14:43:32.778539'),(946,10,'75969208461_10155102800908462','2017-07-17T17:56:28+0000',64,562,'2017-07-17 16:10:27.968381','2017-07-17 16:29:46.391897');
/*!40000 ALTER TABLE `facebook_posts` ENABLE KEYS */;
UNLOCK TABLES;

--
-- Table structure for table `migrations`
--

DROP TABLE IF EXISTS `migrations`;
/*!40101 SET @saved_cs_client     = @@character_set_client */;
/*!40101 SET character_set_client = utf8 */;
CREATE TABLE `migrations` (
  `migration` varchar(255) NOT NULL,
  `batch` int(11) NOT NULL
) ENGINE=InnoDB DEFAULT CHARSET=utf8;
/*!40101 SET character_set_client = @saved_cs_client */;

--
-- Dumping data for table `migrations`
--

LOCK TABLES `migrations` WRITE;
/*!40000 ALTER TABLE `migrations` DISABLE KEYS */;
INSERT INTO `migrations` VALUES ('2017_07_16_172545_create_parties_table',1),('2017_07_16_204051_create_candidates_table',2),('2017_07_17_000432_create_facebook_accounts_table',3),('2017_07_17_012545_create_facebook_posts_table',4),('2017_07_17_053703_create_twitter_accounts_table',5),('2017_07_17_062711_create_twitter_posts_table',6),('2017_07_17_171748_add_likes_count_column',7),('2017_07_17_172323_add_followers_count_to_twitter_accounts',8);
/*!40000 ALTER TABLE `migrations` ENABLE KEYS */;
UNLOCK TABLES;

--
-- Table structure for table `parties`
--

DROP TABLE IF EXISTS `parties`;
/*!40101 SET @saved_cs_client     = @@character_set_client */;
/*!40101 SET character_set_client = utf8 */;
CREATE TABLE `parties` (
  `id` int(10) unsigned NOT NULL AUTO_INCREMENT,
  `short_name` varchar(10) NOT NULL,
  `full_name` varchar(100) DEFAULT NULL,
  `created_at` timestamp(6) NOT NULL DEFAULT CURRENT_TIMESTAMP(6),
  `updated_at` timestamp(6) NOT NULL DEFAULT CURRENT_TIMESTAMP(6),
  PRIMARY KEY (`id`),
  UNIQUE KEY `parties_short_name_unique` (`short_name`),
  KEY `parties_short_name_index` (`short_name`)
) ENGINE=InnoDB AUTO_INCREMENT=9 DEFAULT CHARSET=utf8;
/*!40101 SET character_set_client = @saved_cs_client */;

--
-- Dumping data for table `parties`
--

LOCK TABLES `parties` WRITE;
/*!40000 ALTER TABLE `parties` DISABLE KEYS */;
INSERT INTO `parties` VALUES (1,'AFD','Alternative für Deutschland','2017-07-16 18:24:31.562826','2017-07-16 18:24:31.564530'),(2,'CDU','Christlich Demokratische Union Deutschlands','2017-07-16 18:24:31.570348','2017-07-16 18:24:31.571406'),(3,'CSU','Christlich-Soziale Union in Bayern e.V.','2017-07-16 18:24:31.575010','2017-07-16 18:24:31.575928'),(4,'DIE LINKE','DIE LINKE','2017-07-16 18:24:31.576957','2017-07-17 16:10:23.815473'),(5,'FDP','Freie Demokratische Partei','2017-07-16 18:26:30.221708','2017-07-16 18:29:12.161968'),(7,'SPD','Sozialdemokratische Partei Deutschlands','2017-07-16 18:26:30.224266','2017-07-16 18:29:12.164266'),(8,'GRÜNE','Bündnis 90/Die Grünen','2017-07-16 18:30:51.882292','2017-07-16 18:30:51.883556');
/*!40000 ALTER TABLE `parties` ENABLE KEYS */;
UNLOCK TABLES;

--
-- Table structure for table `twitter_accounts`
--

DROP TABLE IF EXISTS `twitter_accounts`;
/*!40101 SET @saved_cs_client     = @@character_set_client */;
/*!40101 SET character_set_client = utf8 */;
CREATE TABLE `twitter_accounts` (
  `id` int(10) unsigned NOT NULL AUTO_INCREMENT,
  `candidate_id` int(10) unsigned DEFAULT NULL,
  `party_id` int(10) unsigned NOT NULL,
  `link` varchar(200) NOT NULL,
  `screen_name` varchar(255) NOT NULL,
  `created_at` timestamp(6) NOT NULL DEFAULT CURRENT_TIMESTAMP(6),
  `updated_at` timestamp(6) NOT NULL DEFAULT CURRENT_TIMESTAMP(6),
  `followers_count` int(11) NOT NULL DEFAULT '0',
  PRIMARY KEY (`id`),
  UNIQUE KEY `twitter_accounts_link_unique` (`link`),
  UNIQUE KEY `twitter_accounts_screen_name_unique` (`screen_name`),
  KEY `twitter_accounts_candidate_id_foreign` (`candidate_id`),
  KEY `twitter_accounts_party_id_foreign` (`party_id`),
  KEY `twitter_accounts_screen_name_index` (`screen_name`),
  CONSTRAINT `twitter_accounts_candidate_id_foreign` FOREIGN KEY (`candidate_id`) REFERENCES `candidates` (`id`),
  CONSTRAINT `twitter_accounts_party_id_foreign` FOREIGN KEY (`party_id`) REFERENCES `parties` (`id`)
) ENGINE=InnoDB AUTO_INCREMENT=15 DEFAULT CHARSET=utf8;
/*!40101 SET character_set_client = @saved_cs_client */;

--
-- Dumping data for table `twitter_accounts`
--

LOCK TABLES `twitter_accounts` WRITE;
/*!40000 ALTER TABLE `twitter_accounts` DISABLE KEYS */;
INSERT INTO `twitter_accounts` VALUES (1,NULL,2,'https://twitter.com/CDU','CDU','2017-07-17 04:07:43.823104','2017-07-17 18:16:25.726868',195718),(2,NULL,3,'https://twitter.com/CSU/','CSU','2017-07-17 04:07:43.825411','2017-07-17 18:16:25.674062',150826),(3,NULL,7,'https://twitter.com/spdde/','spdde','2017-07-17 04:07:43.827181','2017-07-17 18:16:25.965444',305271),(4,NULL,4,'https://twitter.com/dieLinke/','dieLinke','2017-07-17 04:07:43.828759','2017-07-17 18:16:25.711055',180114),(5,NULL,8,'https://twitter.com/Die_Gruenen/','Die_Gruenen','2017-07-17 04:07:43.830190','2017-07-17 18:16:25.887532',336853),(6,NULL,5,'https://twitter.com/fdp/','fdp','2017-07-17 04:07:43.831636','2017-07-17 18:16:25.734124',195699),(7,NULL,1,'https://twitter.com/AfD_Bund/','AfD_Bund','2017-07-17 04:07:43.833146','2017-07-17 18:16:25.839073',63286),(8,3,7,'https://twitter.com/MartinSchulz/','MartinSchulz','2017-07-17 04:19:54.239997','2017-07-17 18:16:25.829367',435060),(9,4,4,'https://twitter.com/SWagenknecht/','SWagenknecht','2017-07-17 04:19:54.242457','2017-07-17 18:16:25.726510',133608),(10,5,4,'https://twitter.com/DietmarBartsch/','DietmarBartsch','2017-07-17 04:19:54.245152','2017-07-17 18:16:25.789129',17007),(11,6,8,'https://twitter.com/GoeringEckardt/','GoeringEckardt','2017-07-17 04:19:54.247485','2017-07-17 18:16:25.832814',89517),(12,7,8,'https://twitter.com/cem_oezdemir/','cem_oezdemir','2017-07-17 04:19:54.249458','2017-07-17 16:52:19.177266',50648),(13,8,5,'https://twitter.com/c_lindner/','c_lindner','2017-07-17 04:19:54.251309','2017-07-17 18:16:25.845593',121465),(14,9,1,'https://twitter.com/Alice_Weidel/','Alice_Weidel','2017-07-17 04:19:54.253293','2017-07-17 18:16:25.917168',6456);
/*!40000 ALTER TABLE `twitter_accounts` ENABLE KEYS */;
UNLOCK TABLES;

--
-- Table structure for table `twitter_posts`
--

DROP TABLE IF EXISTS `twitter_posts`;
/*!40101 SET @saved_cs_client     = @@character_set_client */;
/*!40101 SET character_set_client = utf8 */;
CREATE TABLE `twitter_posts` (
  `id` int(10) unsigned NOT NULL AUTO_INCREMENT,
  `twitter_account_id` int(10) unsigned NOT NULL,
  `twitter_post_id` varchar(255) NOT NULL,
  `twitter_created_at` varchar(255) DEFAULT NULL,
  `favorites_count` int(11) NOT NULL DEFAULT '0',
  `retweets_count` int(11) NOT NULL DEFAULT '0',
  `created_at` timestamp(6) NOT NULL DEFAULT CURRENT_TIMESTAMP(6),
  `updated_at` timestamp(6) NOT NULL DEFAULT CURRENT_TIMESTAMP(6),
  PRIMARY KEY (`id`),
  UNIQUE KEY `twitter_posts_twitter_post_id_unique` (`twitter_post_id`),
  KEY `twitter_posts_twitter_account_id_foreign` (`twitter_account_id`),
  CONSTRAINT `twitter_posts_twitter_account_id_foreign` FOREIGN KEY (`twitter_account_id`) REFERENCES `twitter_accounts` (`id`)
) ENGINE=InnoDB AUTO_INCREMENT=811 DEFAULT CHARSET=utf8;
/*!40101 SET character_set_client = @saved_cs_client */;

--
-- Dumping data for table `twitter_posts`
--

LOCK TABLES `twitter_posts` WRITE;
/*!40000 ALTER TABLE `twitter_posts` DISABLE KEYS */;
INSERT INTO `twitter_posts` VALUES (1,6,'886578143036887040','Sun Jul 16 13:27:55 +0000 2017',178,40,'2017-07-17 05:10:11.497583','2017-07-17 18:16:26.719309'),(2,6,'886552001332510720','Sun Jul 16 11:44:03 +0000 2017',6,3,'2017-07-17 05:10:11.499109','2017-07-17 05:10:11.499109'),(3,6,'886551539850072064','Sun Jul 16 11:42:13 +0000 2017',1,1,'2017-07-17 05:10:11.499952','2017-07-17 05:10:11.499952'),(4,6,'886550996813533184','Sun Jul 16 11:40:03 +0000 2017',2,1,'2017-07-17 05:10:11.501124','2017-07-17 05:10:11.501124'),(5,6,'886550733709074432','Sun Jul 16 11:39:00 +0000 2017',1,0,'2017-07-17 05:10:11.501815','2017-07-17 05:10:11.501815'),(6,6,'886550700762812416','Sun Jul 16 11:38:53 +0000 2017',1,0,'2017-07-17 05:10:11.502433','2017-07-17 14:41:01.349735'),(7,6,'886550460731187201','Sun Jul 16 11:37:55 +0000 2017',8,0,'2017-07-17 05:10:11.503034','2017-07-17 14:41:01.370675'),(8,6,'886549514244558849','Sun Jul 16 11:34:10 +0000 2017',1,0,'2017-07-17 05:10:11.503643','2017-07-17 14:41:01.386464'),(9,6,'886549419017068544','Sun Jul 16 11:33:47 +0000 2017',0,0,'2017-07-17 05:10:11.504610','2017-07-17 05:10:11.504610'),(10,6,'886548834511400960','Sun Jul 16 11:31:28 +0000 2017',0,1,'2017-07-17 05:10:11.505648','2017-07-17 05:10:11.505648'),(11,6,'886526146803679232','Sun Jul 16 10:01:18 +0000 2017',5,0,'2017-07-17 05:10:11.506408','2017-07-17 05:10:11.506408'),(12,6,'886525821271388162','Sun Jul 16 10:00:01 +0000 2017',2,0,'2017-07-17 05:10:11.507090','2017-07-17 05:10:11.507090'),(13,6,'886525532879306752','Sun Jul 16 09:58:52 +0000 2017',5,0,'2017-07-17 05:10:11.507805','2017-07-17 05:10:11.507805'),(14,6,'886525045786505217','Sun Jul 16 09:56:56 +0000 2017',2,0,'2017-07-17 05:10:11.508534','2017-07-17 05:10:11.508534'),(15,6,'886524724704161792','Sun Jul 16 09:55:39 +0000 2017',2,0,'2017-07-17 05:10:11.509329','2017-07-17 05:10:11.509329'),(16,6,'886524379500302336','Sun Jul 16 09:54:17 +0000 2017',7,0,'2017-07-17 05:10:11.510060','2017-07-17 05:10:11.510060'),(17,6,'886501960131772416','Sun Jul 16 08:25:12 +0000 2017',22,1,'2017-07-17 05:10:11.510697','2017-07-17 05:10:11.510697'),(18,6,'886498316921565184','Sun Jul 16 08:10:43 +0000 2017',379,131,'2017-07-17 05:10:11.511298','2017-07-17 18:16:33.639217'),(19,6,'886235610314403841','Sat Jul 15 14:46:49 +0000 2017',0,5,'2017-07-17 05:10:11.511903','2017-07-17 05:10:11.511903'),(20,6,'886219196576784384','Sat Jul 15 13:41:36 +0000 2017',103,32,'2017-07-17 05:10:11.512497','2017-07-17 18:16:34.391403'),(21,6,'886133493910163456','Sat Jul 15 08:01:03 +0000 2017',228,81,'2017-07-17 05:10:11.513113','2017-07-17 18:16:34.811873'),(22,6,'885868532122214400','Fri Jul 14 14:28:11 +0000 2017',0,4,'2017-07-17 05:10:11.513759','2017-07-17 05:10:11.513759'),(23,6,'885841598570954752','Fri Jul 14 12:41:09 +0000 2017',152,58,'2017-07-17 05:10:11.514383','2017-07-17 16:30:13.961302'),(24,6,'885836641411223556','Fri Jul 14 12:21:28 +0000 2017',0,18,'2017-07-17 05:10:11.515196','2017-07-17 14:41:01.479733'),(25,6,'885836518740426754','Fri Jul 14 12:20:58 +0000 2017',0,7,'2017-07-17 05:10:11.516156','2017-07-17 05:10:11.516156'),(26,6,'885783848273018881','Fri Jul 14 08:51:41 +0000 2017',153,51,'2017-07-17 05:10:11.516915','2017-07-17 16:30:14.020720'),(27,6,'885759410915737600','Fri Jul 14 07:14:34 +0000 2017',0,33,'2017-07-17 05:10:11.517558','2017-07-17 05:10:11.517558'),(28,6,'885510943291191298','Thu Jul 13 14:47:15 +0000 2017',0,8,'2017-07-17 05:10:11.518170','2017-07-17 05:10:11.518170'),(29,6,'885469881919037441','Thu Jul 13 12:04:05 +0000 2017',127,43,'2017-07-17 05:10:11.518813','2017-07-17 05:10:11.518813'),(30,6,'885414910322192385','Thu Jul 13 08:25:39 +0000 2017',37,10,'2017-07-17 05:10:11.519570','2017-07-17 14:41:01.493227'),(31,6,'885410924559032320','Thu Jul 13 08:09:49 +0000 2017',0,24,'2017-07-17 05:10:11.520403','2017-07-17 05:10:11.520403'),(32,6,'885410855499833344','Thu Jul 13 08:09:32 +0000 2017',0,89,'2017-07-17 05:10:11.521259','2017-07-17 05:10:11.521259'),(33,6,'885198208917544961','Wed Jul 12 18:04:33 +0000 2017',0,24,'2017-07-17 05:10:11.522141','2017-07-17 05:10:11.522141'),(34,6,'885156512217300992','Wed Jul 12 15:18:52 +0000 2017',46,12,'2017-07-17 05:10:11.522993','2017-07-17 05:10:11.522993'),(35,6,'885151573126598657','Wed Jul 12 14:59:15 +0000 2017',347,101,'2017-07-17 05:10:11.523628','2017-07-17 18:16:40.563714'),(36,6,'885109020075446273','Wed Jul 12 12:10:09 +0000 2017',135,39,'2017-07-17 05:10:11.524248','2017-07-17 14:41:01.520411'),(37,6,'885101129998139393','Wed Jul 12 11:38:48 +0000 2017',0,22,'2017-07-17 05:10:11.524853','2017-07-17 05:10:11.524853'),(38,6,'885054954364338176','Wed Jul 12 08:35:19 +0000 2017',77,30,'2017-07-17 05:10:11.525453','2017-07-17 05:10:11.525453'),(39,6,'885047703436222477','Wed Jul 12 08:06:30 +0000 2017',0,70,'2017-07-17 05:10:11.526080','2017-07-17 05:10:11.526080'),(40,6,'885047096944062469','Wed Jul 12 08:04:05 +0000 2017',0,4,'2017-07-17 05:10:11.526839','2017-07-17 05:10:11.526839'),(41,6,'885046846930006017','Wed Jul 12 08:03:06 +0000 2017',0,12,'2017-07-17 05:10:11.527856','2017-07-17 05:10:11.527856'),(42,6,'884785729511063552','Tue Jul 11 14:45:31 +0000 2017',390,126,'2017-07-17 05:10:11.528787','2017-07-17 18:16:43.671343'),(43,6,'884784319981645825','Tue Jul 11 14:39:55 +0000 2017',0,4,'2017-07-17 05:10:11.529564','2017-07-17 05:10:11.529564'),(44,6,'884776531062607872','Tue Jul 11 14:08:58 +0000 2017',59,33,'2017-07-17 05:10:11.530274','2017-07-17 05:10:11.530274'),(45,6,'884767291233239040','Tue Jul 11 13:32:15 +0000 2017',0,93,'2017-07-17 05:10:11.530965','2017-07-17 05:10:11.530965'),(46,6,'884739288382021633','Tue Jul 11 11:40:58 +0000 2017',124,39,'2017-07-17 05:10:11.531795','2017-07-17 18:16:45.472214'),(47,6,'884716708916858880','Tue Jul 11 10:11:15 +0000 2017',44,20,'2017-07-17 05:10:11.532508','2017-07-17 05:10:11.532508'),(48,6,'884697095864758272','Tue Jul 11 08:53:19 +0000 2017',202,54,'2017-07-17 05:10:11.533234','2017-07-17 18:16:46.248566'),(49,6,'884431394486800385','Mon Jul 10 15:17:31 +0000 2017',136,35,'2017-07-17 05:10:11.533969','2017-07-17 16:52:39.173551'),(50,6,'884406135394119681','Mon Jul 10 13:37:08 +0000 2017',134,26,'2017-07-17 05:10:11.534794','2017-07-17 05:10:11.534794'),(51,9,'885803238733303808','Fri Jul 14 10:08:44 +0000 2017',307,121,'2017-07-17 05:10:11.703646','2017-07-17 18:16:26.322022'),(52,9,'885515399000969216','Thu Jul 13 15:04:57 +0000 2017',761,326,'2017-07-17 05:10:11.704756','2017-07-17 18:16:26.347618'),(53,9,'885445401943441408','Thu Jul 13 10:26:49 +0000 2017',192,58,'2017-07-17 05:10:11.705595','2017-07-17 14:41:01.298565'),(54,9,'884709342863405057','Tue Jul 11 09:41:59 +0000 2017',272,164,'2017-07-17 05:10:11.706375','2017-07-17 14:41:01.309639'),(55,9,'884690176555057152','Tue Jul 11 08:25:49 +0000 2017',240,99,'2017-07-17 05:10:11.707347','2017-07-17 14:41:01.311721'),(56,9,'883085201785704448','Thu Jul 06 22:08:13 +0000 2017',304,88,'2017-07-17 05:10:11.715248','2017-07-17 14:41:01.328397'),(57,9,'882913927235088384','Thu Jul 06 10:47:38 +0000 2017',195,80,'2017-07-17 05:10:11.716402','2017-07-17 14:41:01.336233'),(58,3,'886583028251754496','Sun Jul 16 13:47:20 +0000 2017',0,101,'2017-07-17 05:10:11.716862','2017-07-17 18:16:27.568804'),(59,9,'882898932380172289','Thu Jul 06 09:48:03 +0000 2017',373,154,'2017-07-17 05:10:11.717847','2017-07-17 16:11:01.100535'),(60,3,'886583022203568129','Sun Jul 16 13:47:19 +0000 2017',0,132,'2017-07-17 05:10:11.718166','2017-07-17 15:03:44.608282'),(61,9,'882528106036289536','Wed Jul 05 09:14:31 +0000 2017',406,154,'2017-07-17 05:10:11.719086','2017-07-17 05:10:11.719086'),(62,3,'886574664969015296','Sun Jul 16 13:14:06 +0000 2017',0,4,'2017-07-17 05:10:11.719505','2017-07-17 05:10:11.719505'),(63,9,'882182689725534208','Tue Jul 04 10:21:58 +0000 2017',1367,570,'2017-07-17 05:10:11.720412','2017-07-17 14:41:01.369635'),(64,3,'886568761335087104','Sun Jul 16 12:50:39 +0000 2017',0,19,'2017-07-17 05:10:11.720948','2017-07-17 14:41:01.800650'),(65,3,'886568249240035329','Sun Jul 16 12:48:36 +0000 2017',0,5,'2017-07-17 05:10:11.722222','2017-07-17 14:41:01.821318'),(66,9,'882163437383692288','Tue Jul 04 09:05:27 +0000 2017',289,119,'2017-07-17 05:10:11.722626','2017-07-17 05:10:11.722626'),(67,3,'886568153450516482','Sun Jul 16 12:48:14 +0000 2017',0,2,'2017-07-17 05:10:11.723694','2017-07-17 05:10:11.723694'),(68,9,'881849336279310336','Mon Jul 03 12:17:20 +0000 2017',719,266,'2017-07-17 05:10:11.724111','2017-07-17 14:41:01.376196'),(69,3,'886568071909040128','Sun Jul 16 12:47:54 +0000 2017',0,6,'2017-07-17 05:10:11.729856','2017-07-17 14:41:01.858389'),(70,9,'881793871608467456','Mon Jul 03 08:36:56 +0000 2017',273,107,'2017-07-17 05:10:11.730736','2017-07-17 05:10:11.730736'),(71,8,'886582825734033408','Sun Jul 16 13:46:32 +0000 2017',481,101,'2017-07-17 05:10:11.731880','2017-07-17 18:16:26.616685'),(72,3,'886567714797625344','Sun Jul 16 12:46:29 +0000 2017',0,8,'2017-07-17 05:10:11.732263','2017-07-17 14:41:01.861365'),(73,3,'886567680081317888','Sun Jul 16 12:46:21 +0000 2017',0,7,'2017-07-17 05:10:11.733493','2017-07-17 14:41:01.864686'),(74,9,'880714896979177476','Fri Jun 30 09:09:28 +0000 2017',683,145,'2017-07-17 05:10:11.733806','2017-07-17 14:41:01.391956'),(75,8,'886582731404189699','Sun Jul 16 13:46:09 +0000 2017',558,132,'2017-07-17 05:10:11.734132','2017-07-17 18:16:26.636449'),(76,3,'886567145504727040','Sun Jul 16 12:44:13 +0000 2017',0,16,'2017-07-17 05:10:11.735221','2017-07-17 14:41:01.870754'),(77,8,'886225008833556480','Sat Jul 15 14:04:42 +0000 2017',753,150,'2017-07-17 05:10:11.735622','2017-07-17 18:16:26.647086'),(78,9,'880342271589322752','Thu Jun 29 08:28:48 +0000 2017',806,246,'2017-07-17 05:10:11.736018','2017-07-17 05:10:11.736018'),(79,8,'885537107976048640','Thu Jul 13 16:31:13 +0000 2017',493,90,'2017-07-17 05:10:11.738266','2017-07-17 18:16:26.659893'),(80,9,'879978827086278656','Wed Jun 28 08:24:36 +0000 2017',330,126,'2017-07-17 05:10:11.738808','2017-07-17 05:10:11.738808'),(81,3,'886566873625747457','Sun Jul 16 12:43:08 +0000 2017',0,8,'2017-07-17 05:10:11.739204','2017-07-17 05:10:11.739204'),(82,8,'885508544577122304','Thu Jul 13 14:37:43 +0000 2017',444,104,'2017-07-17 05:10:11.740252','2017-07-17 16:11:01.056506'),(83,9,'879722419350581248','Tue Jun 27 15:25:43 +0000 2017',563,214,'2017-07-17 05:10:11.741333','2017-07-17 05:10:11.741333'),(84,3,'886566746550829056','Sun Jul 16 12:42:38 +0000 2017',0,4,'2017-07-17 05:10:11.742220','2017-07-17 05:10:11.742220'),(85,8,'885139731733991425','Wed Jul 12 14:12:11 +0000 2017',589,82,'2017-07-17 05:10:11.742749','2017-07-17 18:16:26.711777'),(86,9,'879680535068585984','Tue Jun 27 12:39:17 +0000 2017',424,138,'2017-07-17 05:10:11.743860','2017-07-17 05:10:11.743860'),(87,8,'885100931829858304','Wed Jul 12 11:38:01 +0000 2017',253,53,'2017-07-17 05:10:11.744565','2017-07-17 18:16:29.488007'),(88,9,'879620569951608832','Tue Jun 27 08:41:01 +0000 2017',325,134,'2017-07-17 05:10:11.744973','2017-07-17 05:10:11.744973'),(89,3,'886566695036497923','Sun Jul 16 12:42:26 +0000 2017',0,10,'2017-07-17 05:10:11.745313','2017-07-17 16:11:01.733732'),(90,9,'879295878238015489','Mon Jun 26 11:10:48 +0000 2017',240,141,'2017-07-17 05:10:11.746789','2017-07-17 05:10:11.746789'),(91,8,'884765183033430016','Tue Jul 11 13:23:52 +0000 2017',245,28,'2017-07-17 05:10:11.747465','2017-07-17 18:16:29.906989'),(92,3,'886556663943180288','Sun Jul 16 12:02:34 +0000 2017',168,122,'2017-07-17 05:10:11.747892','2017-07-17 18:16:32.671096'),(93,8,'884718175509770240','Tue Jul 11 10:17:04 +0000 2017',240,38,'2017-07-17 05:10:11.749083','2017-07-17 18:16:30.346877'),(94,9,'879265289615101952','Mon Jun 26 09:09:15 +0000 2017',417,156,'2017-07-17 05:10:11.749528','2017-07-17 05:10:11.749528'),(95,3,'886552656495472640','Sun Jul 16 11:46:39 +0000 2017',0,9,'2017-07-17 05:10:11.750504','2017-07-17 14:41:01.897936'),(96,9,'879251864558219265','Mon Jun 26 08:15:54 +0000 2017',264,158,'2017-07-17 05:10:11.750908','2017-07-17 05:10:11.750908'),(97,8,'884446418265677824','Mon Jul 10 16:17:12 +0000 2017',343,55,'2017-07-17 05:10:11.751966','2017-07-17 18:16:30.781744'),(98,9,'879043925952147456','Sun Jun 25 18:29:38 +0000 2017',180,57,'2017-07-17 05:10:11.752932','2017-07-17 05:10:11.752932'),(99,3,'886552541441527808','Sun Jul 16 11:46:11 +0000 2017',0,49,'2017-07-17 05:10:11.753503','2017-07-17 14:41:01.904263'),(100,3,'886552516925812736','Sun Jul 16 11:46:06 +0000 2017',0,4,'2017-07-17 05:10:11.755151','2017-07-17 14:41:01.906282'),(101,8,'884415096805613569','Mon Jul 10 14:12:45 +0000 2017',315,58,'2017-07-17 05:10:11.755587','2017-07-17 18:16:31.094505'),(102,8,'884359516594331648','Mon Jul 10 10:31:54 +0000 2017',238,27,'2017-07-17 05:10:11.757121','2017-07-17 18:16:31.453200'),(103,9,'878967155068481536','Sun Jun 25 13:24:34 +0000 2017',519,165,'2017-07-17 05:10:11.757620','2017-07-17 05:10:11.757620'),(104,3,'886552487095828480','Sun Jul 16 11:45:58 +0000 2017',0,4,'2017-07-17 05:10:11.758319','2017-07-17 05:10:11.758319'),(105,8,'884330225127100416','Mon Jul 10 08:35:30 +0000 2017',253,30,'2017-07-17 05:10:11.758988','2017-07-17 18:16:31.823072'),(106,3,'886536034045112320','Sun Jul 16 10:40:36 +0000 2017',0,19,'2017-07-17 05:10:11.760210','2017-07-17 05:10:11.760210'),(107,9,'878234921839579136','Fri Jun 23 12:54:56 +0000 2017',333,219,'2017-07-17 05:10:11.760554','2017-07-17 05:10:11.760554'),(108,3,'886535464785764352','Sun Jul 16 10:38:20 +0000 2017',160,56,'2017-07-17 05:10:11.761739','2017-07-17 14:41:01.909482'),(109,8,'884074251732611072','Sun Jul 09 15:38:21 +0000 2017',581,94,'2017-07-17 05:10:11.762048','2017-07-17 18:16:32.240724'),(110,9,'877855668597702657','Thu Jun 22 11:47:55 +0000 2017',453,157,'2017-07-17 05:10:11.762383','2017-07-17 14:41:01.463410'),(111,9,'877591964585250826','Wed Jun 21 18:20:03 +0000 2017',203,106,'2017-07-17 05:10:11.763316','2017-07-17 05:10:11.763316'),(112,8,'883678709894586368','Sat Jul 08 13:26:37 +0000 2017',1309,232,'2017-07-17 05:10:11.763676','2017-07-17 18:16:32.761366'),(113,3,'886534043155738630','Sun Jul 16 10:32:41 +0000 2017',97,26,'2017-07-17 05:10:11.764598','2017-07-17 14:41:01.910287'),(114,9,'877516623829225472','Wed Jun 21 13:20:41 +0000 2017',160,71,'2017-07-17 05:10:11.765451','2017-07-17 05:10:11.765451'),(115,3,'886532492307648512','Sun Jul 16 10:26:31 +0000 2017',65,12,'2017-07-17 05:10:11.765809','2017-07-17 05:10:11.765809'),(116,8,'883366162993750016','Fri Jul 07 16:44:40 +0000 2017',1437,321,'2017-07-17 05:10:11.766128','2017-07-17 14:41:01.255441'),(117,3,'886531649198075904','Sun Jul 16 10:23:10 +0000 2017',64,16,'2017-07-17 05:10:11.767342','2017-07-17 14:41:01.911376'),(118,8,'883268016963715073','Fri Jul 07 10:14:40 +0000 2017',1350,290,'2017-07-17 05:10:11.767742','2017-07-17 18:16:33.607840'),(119,9,'877490251664674821','Wed Jun 21 11:35:53 +0000 2017',0,131,'2017-07-17 05:10:11.768106','2017-07-17 14:41:01.483262'),(120,8,'882547368599728128','Wed Jul 05 10:31:04 +0000 2017',253,29,'2017-07-17 05:10:11.770103','2017-07-17 14:41:01.261347'),(121,3,'886531048535986176','Sun Jul 16 10:20:47 +0000 2017',99,22,'2017-07-17 05:10:11.770520','2017-07-17 14:41:01.912210'),(122,9,'877157436079132672','Tue Jun 20 13:33:24 +0000 2017',223,93,'2017-07-17 05:10:11.771685','2017-07-17 05:10:11.771685'),(123,3,'886529542738894849','Sun Jul 16 10:14:48 +0000 2017',79,18,'2017-07-17 05:10:11.772175','2017-07-17 14:41:01.912968'),(124,8,'882174007960850437','Tue Jul 04 09:47:28 +0000 2017',491,52,'2017-07-17 05:10:11.772941','2017-07-17 18:16:34.335624'),(125,9,'877072176305889281','Tue Jun 20 07:54:36 +0000 2017',267,107,'2017-07-17 05:10:11.773604','2017-07-17 05:10:11.773604'),(126,3,'886528495299567616','Sun Jul 16 10:10:38 +0000 2017',111,30,'2017-07-17 05:10:11.774351','2017-07-17 16:30:14.301688'),(127,8,'881893162234544129','Mon Jul 03 15:11:29 +0000 2017',715,141,'2017-07-17 05:10:11.780168','2017-07-17 18:16:34.836233'),(128,9,'876762538989539328','Mon Jun 19 11:24:13 +0000 2017',256,109,'2017-07-17 05:10:11.780984','2017-07-17 05:10:11.780984'),(129,3,'886527857115238400','Sun Jul 16 10:08:06 +0000 2017',97,19,'2017-07-17 05:10:11.782709','2017-07-17 16:52:30.705435'),(130,8,'881825241697275906','Mon Jul 03 10:41:35 +0000 2017',435,68,'2017-07-17 05:10:11.783145','2017-07-17 18:16:35.187552'),(131,9,'876711689001029633','Mon Jun 19 08:02:09 +0000 2017',519,325,'2017-07-17 05:10:11.783505','2017-07-17 05:10:11.783505'),(132,3,'886526782563905537','Sun Jul 16 10:03:50 +0000 2017',146,35,'2017-07-17 05:10:11.784704','2017-07-17 14:41:01.914995'),(133,8,'881603866776797185','Sun Jul 02 20:01:55 +0000 2017',795,89,'2017-07-17 05:10:11.785107','2017-07-17 18:16:35.547835'),(134,9,'875445735667384320','Thu Jun 15 20:11:43 +0000 2017',342,217,'2017-07-17 05:10:11.785482','2017-07-17 05:10:11.785482'),(135,3,'886526410562707457','Sun Jul 16 10:02:21 +0000 2017',128,36,'2017-07-17 05:10:11.786690','2017-07-17 14:41:01.915663'),(136,8,'881178332955631616','Sat Jul 01 15:51:00 +0000 2017',616,111,'2017-07-17 05:10:11.787053','2017-07-17 18:16:35.939176'),(137,9,'875271459555467264','Thu Jun 15 08:39:12 +0000 2017',344,214,'2017-07-17 05:10:11.787431','2017-07-17 05:10:11.787431'),(138,2,'886833687828058113','Mon Jul 17 06:23:22 +0000 2017',16,4,'2017-07-17 05:10:11.788191','2017-07-17 18:16:26.823994'),(139,8,'881159220690915328','Sat Jul 01 14:35:04 +0000 2017',455,66,'2017-07-17 05:10:11.789788','2017-07-17 18:16:36.318323'),(140,9,'875041430657523717','Wed Jun 14 17:25:09 +0000 2017',366,140,'2017-07-17 05:10:11.790162','2017-07-17 05:10:11.790162'),(141,2,'886819001367646209','Mon Jul 17 05:25:00 +0000 2017',10,1,'2017-07-17 05:10:11.790543','2017-07-17 18:16:27.212804'),(142,8,'880747529192837121','Fri Jun 30 11:19:09 +0000 2017',1374,298,'2017-07-17 05:10:11.791475','2017-07-17 16:30:13.542941'),(143,3,'886525495097085952','Sun Jul 16 09:58:43 +0000 2017',65,21,'2017-07-17 05:10:11.791886','2017-07-17 05:10:11.791886'),(144,9,'875022028847407104','Wed Jun 14 16:08:03 +0000 2017',261,137,'2017-07-17 05:10:11.792289','2017-07-17 05:10:11.792289'),(145,2,'886811200025186305','Mon Jul 17 04:54:00 +0000 2017',9,2,'2017-07-17 05:10:11.794054','2017-07-17 18:16:27.588906'),(146,8,'880687187683155969','Fri Jun 30 07:19:22 +0000 2017',4430,1751,'2017-07-17 05:10:11.794546','2017-07-17 18:16:36.934602'),(147,3,'886524900369981441','Sun Jul 16 09:56:21 +0000 2017',58,17,'2017-07-17 05:10:11.795160','2017-07-17 14:41:01.916859'),(148,9,'874567689053892608','Tue Jun 13 10:02:40 +0000 2017',433,230,'2017-07-17 05:10:11.795546','2017-07-17 05:10:11.795546'),(149,8,'880685923691884544','Fri Jun 30 07:14:21 +0000 2017',3783,1272,'2017-07-17 05:10:11.796574','2017-07-17 18:16:37.346659'),(150,2,'886805915562803201','Mon Jul 17 04:33:00 +0000 2017',222,47,'2017-07-17 05:10:11.796924','2017-07-17 18:16:28.017807'),(151,9,'874287809460416512','Mon Jun 12 15:30:31 +0000 2017',381,155,'2017-07-17 05:10:11.797236','2017-07-17 05:10:11.797236'),(152,9,'874281389071507458','Mon Jun 12 15:05:01 +0000 2017',209,64,'2017-07-17 05:10:11.798349','2017-07-17 05:10:11.798349'),(153,8,'880308502362763264','Thu Jun 29 06:14:36 +0000 2017',2395,619,'2017-07-17 05:10:11.798784','2017-07-17 18:16:37.771168'),(154,2,'886634535529656320','Sun Jul 16 17:12:00 +0000 2017',9,2,'2017-07-17 05:10:11.799120','2017-07-17 18:16:28.405837'),(155,3,'886524719201222656','Sun Jul 16 09:55:38 +0000 2017',0,5,'2017-07-17 05:10:11.799434','2017-07-17 05:10:11.799434'),(156,2,'886632890922139648','Sun Jul 16 17:05:28 +0000 2017',0,2,'2017-07-17 05:10:11.800751','2017-07-17 14:41:01.516802'),(157,8,'880088807336538112','Wed Jun 28 15:41:37 +0000 2017',403,70,'2017-07-17 05:10:11.801079','2017-07-17 18:16:38.151943'),(158,9,'874196176047927296','Mon Jun 12 09:26:24 +0000 2017',311,136,'2017-07-17 05:10:11.801606','2017-07-17 05:10:11.801606'),(159,3,'886524638230183937','Sun Jul 16 09:55:19 +0000 2017',0,1,'2017-07-17 05:10:11.802039','2017-07-17 14:41:01.918446'),(160,2,'886628994442985472','Sun Jul 16 16:49:59 +0000 2017',13,6,'2017-07-17 05:10:11.803475','2017-07-17 14:43:13.177243'),(161,9,'873937277717753860','Sun Jun 11 16:17:38 +0000 2017',269,86,'2017-07-17 05:10:11.803806','2017-07-17 05:10:11.803806'),(162,8,'879985317108908032','Wed Jun 28 08:50:23 +0000 2017',1203,271,'2017-07-17 05:10:11.804220','2017-07-17 18:16:38.558222'),(163,3,'886524626892967937','Sun Jul 16 09:55:16 +0000 2017',93,34,'2017-07-17 05:10:11.804982','2017-07-17 18:16:40.379634'),(164,3,'886523767056457728','Sun Jul 16 09:51:51 +0000 2017',39,7,'2017-07-17 05:10:11.806611','2017-07-17 05:10:11.806611'),(165,2,'886628348184711169','Sun Jul 16 16:47:25 +0000 2017',39,11,'2017-07-17 05:10:11.807008','2017-07-17 18:16:29.497272'),(166,8,'879633527633063936','Tue Jun 27 09:32:30 +0000 2017',3842,1203,'2017-07-17 05:10:11.807899','2017-07-17 16:52:31.912459'),(167,9,'873101697974910976','Fri Jun 09 08:57:20 +0000 2017',273,63,'2017-07-17 05:10:11.808660','2017-07-17 05:10:11.808660'),(168,3,'886517307153022976','Sun Jul 16 09:26:11 +0000 2017',39,8,'2017-07-17 05:10:11.809418','2017-07-17 05:10:11.809418'),(169,2,'886627592849297410','Sun Jul 16 16:44:25 +0000 2017',38,8,'2017-07-17 05:10:11.810749','2017-07-17 18:16:29.982723'),(170,9,'872462576789184513','Wed Jun 07 14:37:42 +0000 2017',258,66,'2017-07-17 05:10:11.811062','2017-07-17 05:10:11.811062'),(171,3,'886514697620598788','Sun Jul 16 09:15:49 +0000 2017',0,2,'2017-07-17 05:10:11.811463','2017-07-17 05:10:11.811463'),(172,8,'879631204764483584','Tue Jun 27 09:23:16 +0000 2017',4891,1407,'2017-07-17 05:10:11.810210','2017-07-17 18:16:39.277270'),(173,3,'886514674489012224','Sun Jul 16 09:15:43 +0000 2017',0,3,'2017-07-17 05:10:11.812703','2017-07-17 05:10:11.812703'),(174,8,'878976957689589760','Sun Jun 25 14:03:31 +0000 2017',756,150,'2017-07-17 05:10:11.813610','2017-07-17 18:16:39.606105'),(175,9,'872433660275949568','Wed Jun 07 12:42:48 +0000 2017',433,177,'2017-07-17 05:10:11.814000','2017-07-17 05:10:11.814000'),(176,3,'886510780815994880','Sun Jul 16 09:00:15 +0000 2017',0,6,'2017-07-17 05:10:11.814310','2017-07-17 05:10:11.814310'),(177,2,'886627454244311040','Sun Jul 16 16:43:52 +0000 2017',34,9,'2017-07-17 05:10:11.814683','2017-07-17 14:43:13.278516'),(178,8,'878910518748164096','Sun Jun 25 09:39:31 +0000 2017',1048,202,'2017-07-17 05:10:11.815898','2017-07-17 18:16:39.941055'),(179,9,'872384425677529088','Wed Jun 07 09:27:09 +0000 2017',266,131,'2017-07-17 05:10:11.816218','2017-07-17 05:10:11.816218'),(180,3,'886510748817600513','Sun Jul 16 09:00:07 +0000 2017',0,9,'2017-07-17 05:10:11.816579','2017-07-17 05:10:11.816579'),(181,2,'886623343717359617','Sun Jul 16 16:27:32 +0000 2017',0,10,'2017-07-17 05:10:11.817193','2017-07-17 14:41:01.560353'),(182,9,'872005472903204865','Tue Jun 06 08:21:20 +0000 2017',502,173,'2017-07-17 05:10:11.817992','2017-07-17 05:10:11.817992'),(183,3,'886507577831337984','Sun Jul 16 08:47:31 +0000 2017',152,104,'2017-07-17 05:10:11.818463','2017-07-17 16:52:36.394236'),(184,8,'878866603357634560','Sun Jun 25 06:45:01 +0000 2017',468,88,'2017-07-17 05:10:11.818827','2017-07-17 18:16:40.328407'),(185,9,'870568854497492992','Fri Jun 02 09:12:43 +0000 2017',253,160,'2017-07-17 05:10:11.820015','2017-07-17 05:10:11.820015'),(186,2,'886601330961395714','Sun Jul 16 15:00:04 +0000 2017',84,22,'2017-07-17 05:10:11.820657','2017-07-17 14:41:01.565111'),(187,3,'886499743169380353','Sun Jul 16 08:16:23 +0000 2017',11,1,'2017-07-17 05:10:11.821298','2017-07-17 05:10:11.821298'),(188,8,'878628027323867138','Sat Jun 24 14:57:00 +0000 2017',926,224,'2017-07-17 05:10:11.821614','2017-07-17 18:16:40.679466'),(189,9,'870408378014720000','Thu Jun 01 22:35:03 +0000 2017',176,55,'2017-07-17 05:10:11.822301','2017-07-17 05:10:11.822301'),(190,3,'886492417792389120','Sun Jul 16 07:47:17 +0000 2017',0,26,'2017-07-17 05:10:11.831213','2017-07-17 05:10:11.831213'),(191,2,'886465424635830273','Sun Jul 16 06:00:01 +0000 2017',64,9,'2017-07-17 05:10:11.831731','2017-07-17 14:41:01.581066'),(192,9,'870280321778028545','Thu Jun 01 14:06:12 +0000 2017',323,174,'2017-07-17 05:10:11.832377','2017-07-17 05:10:11.832377'),(193,8,'878606471772155904','Sat Jun 24 13:31:21 +0000 2017',619,145,'2017-07-17 05:10:11.840606','2017-07-17 18:16:41.111081'),(194,2,'885845695940497408','Fri Jul 14 12:57:26 +0000 2017',0,9,'2017-07-17 05:10:11.843536','2017-07-17 05:10:11.843536'),(195,1,'886670295037345793','Sun Jul 16 19:34:06 +0000 2017',0,45,'2017-07-17 05:10:11.844440','2017-07-17 18:16:26.424927'),(196,8,'878185569234419712','Fri Jun 23 09:38:50 +0000 2017',240,29,'2017-07-17 05:10:11.845962','2017-07-17 18:16:41.577532'),(197,2,'885845619864215554','Fri Jul 14 12:57:08 +0000 2017',0,9,'2017-07-17 05:10:11.847138','2017-07-17 05:10:11.847138'),(198,3,'886477630400319488','Sun Jul 16 06:48:31 +0000 2017',0,19,'2017-07-17 05:10:11.847497','2017-07-17 05:10:11.847497'),(199,10,'886216087142051840','Sat Jul 15 13:29:14 +0000 2017',116,38,'2017-07-17 05:10:11.848053','2017-07-17 16:11:01.819037'),(200,1,'886670215454523392','Sun Jul 16 19:33:47 +0000 2017',0,26,'2017-07-17 05:10:11.848538','2017-07-17 14:41:01.230093'),(201,8,'877867052861505536','Thu Jun 22 12:33:10 +0000 2017',1105,299,'2017-07-17 05:10:11.850300','2017-07-17 18:16:41.952625'),(202,1,'886670135779635202','Sun Jul 16 19:33:28 +0000 2017',0,73,'2017-07-17 05:10:11.850749','2017-07-17 18:16:26.440788'),(203,10,'886214181065764865','Sat Jul 15 13:21:40 +0000 2017',0,8,'2017-07-17 05:10:11.851281','2017-07-17 05:10:11.851281'),(204,2,'885816211942117377','Fri Jul 14 11:00:17 +0000 2017',8,2,'2017-07-17 05:10:11.851629','2017-07-17 05:10:11.851629'),(205,3,'886283708550066176','Sat Jul 15 17:57:57 +0000 2017',0,19,'2017-07-17 05:10:11.853186','2017-07-17 05:10:11.853186'),(206,10,'886181313623052288','Sat Jul 15 11:11:04 +0000 2017',0,1,'2017-07-17 05:10:11.853760','2017-07-17 05:10:11.853760'),(207,1,'886634073975906304','Sun Jul 16 17:10:10 +0000 2017',51,8,'2017-07-17 05:10:11.854203','2017-07-17 14:41:01.234381'),(208,3,'886278408442978305','Sat Jul 15 17:36:53 +0000 2017',100,38,'2017-07-17 05:10:11.855264','2017-07-17 05:10:11.855264'),(209,8,'877619552204591104','Wed Jun 21 20:09:41 +0000 2017',208,32,'2017-07-17 05:10:11.855910','2017-07-17 18:16:42.465443'),(210,2,'885815214322659328','Fri Jul 14 10:56:19 +0000 2017',0,7,'2017-07-17 05:10:11.856913','2017-07-17 05:10:11.856913'),(211,10,'886166997331005441','Sat Jul 15 10:14:11 +0000 2017',131,52,'2017-07-17 05:10:11.857758','2017-07-17 16:11:01.867525'),(212,2,'885763730147086336','Fri Jul 14 07:31:44 +0000 2017',0,19,'2017-07-17 05:10:11.858963','2017-07-17 05:10:11.858963'),(213,8,'877547079312211969','Wed Jun 21 15:21:42 +0000 2017',433,150,'2017-07-17 05:10:11.859451','2017-07-17 18:16:42.826190'),(214,10,'886159618510082049','Sat Jul 15 09:44:51 +0000 2017',3,0,'2017-07-17 05:10:11.859823','2017-07-17 05:10:11.859823'),(215,1,'886633279817961472','Sun Jul 16 17:07:01 +0000 2017',0,14,'2017-07-17 05:10:11.860150','2017-07-17 14:41:01.242823'),(216,8,'877423788207607808','Wed Jun 21 07:11:47 +0000 2017',623,126,'2017-07-17 05:10:11.861622','2017-07-17 18:16:43.248426'),(217,3,'886247152611209216','Sat Jul 15 15:32:41 +0000 2017',0,23,'2017-07-17 05:10:11.861939','2017-07-17 16:52:39.576595'),(218,2,'885165161719492608','Wed Jul 12 15:53:14 +0000 2017',5,2,'2017-07-17 05:10:11.862271','2017-07-17 05:10:11.862271'),(219,10,'886154757139779584','Sat Jul 15 09:25:32 +0000 2017',30,11,'2017-07-17 05:10:11.863061','2017-07-17 14:41:01.736507'),(220,8,'877211194578391041','Tue Jun 20 17:07:01 +0000 2017',383,80,'2017-07-17 05:10:11.863524','2017-07-17 18:16:43.752214'),(221,1,'886630105946173442','Sun Jul 16 16:54:24 +0000 2017',22,3,'2017-07-17 05:10:11.863838','2017-07-17 16:52:19.953970'),(222,3,'886225618010091521','Sat Jul 15 14:07:07 +0000 2017',71,18,'2017-07-17 05:10:11.865327','2017-07-17 18:16:46.029731'),(223,2,'885161927856590853','Wed Jul 12 15:40:23 +0000 2017',20,3,'2017-07-17 05:10:11.865810','2017-07-17 05:10:11.865810'),(224,8,'877179112426795008','Tue Jun 20 14:59:32 +0000 2017',278,55,'2017-07-17 05:10:11.866178','2017-07-17 18:16:44.164296'),(225,10,'886153746056609792','Sat Jul 15 09:21:31 +0000 2017',7,1,'2017-07-17 05:10:11.866492','2017-07-17 14:41:01.738685'),(226,1,'886627663938498560','Sun Jul 16 16:44:42 +0000 2017',33,9,'2017-07-17 05:10:11.867550','2017-07-17 16:30:14.179465'),(227,2,'885161854699544576','Wed Jul 12 15:40:06 +0000 2017',13,4,'2017-07-17 05:10:11.868617','2017-07-17 05:10:11.868617'),(228,8,'876791257061892096','Mon Jun 19 13:18:20 +0000 2017',550,127,'2017-07-17 05:10:11.869005','2017-07-17 18:16:44.656988'),(229,1,'886627515372109824','Sun Jul 16 16:44:07 +0000 2017',26,8,'2017-07-17 05:10:11.869324','2017-07-17 14:41:01.265575'),(230,10,'885975909785882624','Fri Jul 14 21:34:52 +0000 2017',0,14,'2017-07-17 05:10:11.869696','2017-07-17 05:10:11.869696'),(231,3,'886148582625038336','Sat Jul 15 09:01:00 +0000 2017',78,22,'2017-07-17 05:10:11.870023','2017-07-17 18:16:46.381133'),(232,1,'886625897499037696','Sun Jul 16 16:37:41 +0000 2017',35,11,'2017-07-17 05:10:11.871368','2017-07-17 14:41:01.268606'),(233,3,'886146568704884736','Sat Jul 15 08:53:00 +0000 2017',0,12,'2017-07-17 05:10:11.872861','2017-07-17 05:10:11.872861'),(234,1,'886625155493113857','Sun Jul 16 16:34:44 +0000 2017',20,5,'2017-07-17 05:10:11.873217','2017-07-17 14:41:01.278634'),(235,2,'885161791210364929','Wed Jul 12 15:39:51 +0000 2017',34,4,'2017-07-17 05:10:11.873550','2017-07-17 05:10:11.873550'),(236,10,'885778441865449472','Fri Jul 14 08:30:12 +0000 2017',0,4,'2017-07-17 05:10:11.873918','2017-07-17 05:10:11.873918'),(237,1,'886623052204736514','Sun Jul 16 16:26:22 +0000 2017',0,13,'2017-07-17 05:10:11.875208','2017-07-17 14:41:01.282198'),(238,8,'876502649276858368','Sun Jun 18 18:11:30 +0000 2017',208,74,'2017-07-17 05:10:11.876760','2017-07-17 18:16:45.156612'),(239,2,'885158973921472513','Wed Jul 12 15:28:39 +0000 2017',16,3,'2017-07-17 05:10:11.877455','2017-07-17 05:10:11.877455'),(240,10,'885484297716740096','Thu Jul 13 13:01:22 +0000 2017',148,101,'2017-07-17 05:10:11.877787','2017-07-17 16:11:01.980625'),(241,1,'886622976094949376','Sun Jul 16 16:26:04 +0000 2017',0,38,'2017-07-17 05:10:11.878518','2017-07-17 18:16:31.489885'),(242,10,'885393397988642816','Thu Jul 13 07:00:10 +0000 2017',35,11,'2017-07-17 05:10:11.880062','2017-07-17 05:10:11.880062'),(243,1,'886622771006099456','Sun Jul 16 16:25:15 +0000 2017',27,10,'2017-07-17 05:10:11.880383','2017-07-17 14:41:01.309233'),(244,2,'885158880115916800','Wed Jul 12 15:28:17 +0000 2017',12,1,'2017-07-17 05:10:11.880761','2017-07-17 05:10:11.880761'),(245,8,'876502497556299776','Sun Jun 18 18:10:54 +0000 2017',393,72,'2017-07-17 05:10:11.881689','2017-07-17 18:16:45.586813'),(246,1,'886609220522713089','Sun Jul 16 15:31:25 +0000 2017',140,62,'2017-07-17 05:10:11.882007','2017-07-17 16:30:14.253958'),(247,2,'885158787665080322','Wed Jul 12 15:27:55 +0000 2017',13,2,'2017-07-17 05:10:11.882673','2017-07-17 05:10:11.882673'),(248,10,'885171205627629568','Wed Jul 12 16:17:15 +0000 2017',8,0,'2017-07-17 05:10:11.890508','2017-07-17 05:10:11.890508'),(249,1,'886602071050530816','Sun Jul 16 15:03:00 +0000 2017',0,22,'2017-07-17 05:10:11.891413','2017-07-17 05:10:11.891413'),(250,10,'885158027556532225','Wed Jul 12 15:24:53 +0000 2017',153,90,'2017-07-17 05:10:11.893366','2017-07-17 05:10:11.893366'),(251,2,'885158535671296005','Wed Jul 12 15:26:55 +0000 2017',20,2,'2017-07-17 05:10:11.893999','2017-07-17 05:10:11.893999'),(252,7,'886734334056640512','Sun Jul 16 23:48:34 +0000 2017',0,389,'2017-07-17 05:10:11.894741','2017-07-17 18:16:27.486601'),(253,10,'885091972809183232','Wed Jul 12 11:02:25 +0000 2017',106,48,'2017-07-17 05:10:11.901936','2017-07-17 05:10:11.901936'),(254,1,'886528243402231808','Sun Jul 16 10:09:38 +0000 2017',0,16,'2017-07-17 05:10:11.902509','2017-07-17 14:41:01.329593'),(255,2,'885158468885368832','Wed Jul 12 15:26:39 +0000 2017',34,5,'2017-07-17 05:10:11.902888','2017-07-17 05:10:11.902888'),(256,11,'886477044795797504','Sun Jul 16 06:46:12 +0000 2017',0,46,'2017-07-17 05:10:11.904642','2017-07-17 18:16:26.566384'),(257,8,'876438397333667840','Sun Jun 18 13:56:12 +0000 2017',411,80,'2017-07-17 05:10:11.905044','2017-07-17 18:16:45.918234'),(258,7,'886699869947166721','Sun Jul 16 21:31:37 +0000 2017',0,514,'2017-07-17 05:10:11.905449','2017-07-17 18:16:27.830047'),(259,2,'885158404175605760','Wed Jul 12 15:26:23 +0000 2017',35,10,'2017-07-17 05:10:11.905824','2017-07-17 05:10:11.905824'),(260,10,'885073941571788801','Wed Jul 12 09:50:46 +0000 2017',0,313,'2017-07-17 05:10:11.906971','2017-07-17 14:41:01.759785'),(261,1,'886312213182636036','Sat Jul 15 19:51:13 +0000 2017',98,25,'2017-07-17 05:10:11.907893','2017-07-17 16:30:14.312583'),(262,2,'885155463217770497','Wed Jul 12 15:14:42 +0000 2017',22,1,'2017-07-17 05:10:11.908384','2017-07-17 05:10:11.908384'),(263,7,'886650348978483200','Sun Jul 16 18:14:51 +0000 2017',314,214,'2017-07-17 05:10:11.909919','2017-07-17 18:16:28.298763'),(264,10,'884832679384023040','Tue Jul 11 17:52:04 +0000 2017',0,754,'2017-07-17 05:10:11.910592','2017-07-17 14:41:01.765456'),(265,8,'876406674789208066','Sun Jun 18 11:50:08 +0000 2017',289,51,'2017-07-17 05:10:11.911771','2017-07-17 18:16:46.238812'),(266,2,'885155088733532160','Wed Jul 12 15:13:13 +0000 2017',7,1,'2017-07-17 05:10:11.912429','2017-07-17 05:10:11.912429'),(267,11,'885875530440069122','Fri Jul 14 14:55:59 +0000 2017',0,44,'2017-07-17 05:10:11.913333','2017-07-17 14:41:01.189512'),(268,8,'875748262115979266','Fri Jun 16 16:13:50 +0000 2017',776,223,'2017-07-17 05:10:11.913685','2017-07-17 18:16:46.636538'),(269,7,'886641116535287808','Sun Jul 16 17:38:09 +0000 2017',84,50,'2017-07-17 05:10:11.914073','2017-07-17 18:16:28.718636'),(270,1,'886311736411910144','Sat Jul 15 19:49:19 +0000 2017',0,8,'2017-07-17 05:10:11.914643','2017-07-17 05:10:11.914643'),(271,11,'885504720462327808','Thu Jul 13 14:22:31 +0000 2017',0,33,'2017-07-17 05:10:11.915280','2017-07-17 14:41:01.190840'),(272,7,'886635481655644166','Sun Jul 16 17:15:46 +0000 2017',0,21,'2017-07-17 05:10:11.916183','2017-07-17 16:11:02.304597'),(273,10,'884773607355949060','Tue Jul 11 13:57:20 +0000 2017',11,0,'2017-07-17 05:10:11.917400','2017-07-17 05:10:11.917400'),(274,11,'885393591568347137','Thu Jul 13 07:00:56 +0000 2017',0,29,'2017-07-17 05:10:11.917756','2017-07-17 14:41:01.192291'),(275,2,'885155024774586368','Wed Jul 12 15:12:57 +0000 2017',14,1,'2017-07-17 05:10:11.925339','2017-07-17 05:10:11.925339'),(276,7,'886631176185815044','Sun Jul 16 16:58:39 +0000 2017',0,59,'2017-07-17 05:10:11.926679','2017-07-17 18:16:29.549264'),(277,1,'886276964264419328','Sat Jul 15 17:31:09 +0000 2017',0,6,'2017-07-17 05:10:11.927090','2017-07-17 05:10:11.927090'),(278,7,'886630910367584256','Sun Jul 16 16:57:36 +0000 2017',0,60,'2017-07-17 05:10:11.929087','2017-07-17 16:11:02.333994'),(279,11,'885049256394010625','Wed Jul 12 08:12:40 +0000 2017',0,79,'2017-07-17 05:10:11.929450','2017-07-17 14:41:01.194052'),(280,10,'884372557440462849','Mon Jul 10 11:23:43 +0000 2017',94,34,'2017-07-17 05:10:11.937630','2017-07-17 05:10:11.937630'),(281,7,'886613232890380293','Sun Jul 16 15:47:21 +0000 2017',0,41,'2017-07-17 05:10:11.938049','2017-07-17 16:11:02.336343'),(282,1,'886276844626071557','Sat Jul 15 17:30:40 +0000 2017',0,7,'2017-07-17 05:10:11.938395','2017-07-17 05:10:11.938395'),(283,5,'886570766761943040','Sun Jul 16 12:58:37 +0000 2017',120,68,'2017-07-17 05:10:11.938856','2017-07-17 16:52:19.836197'),(284,7,'886581011450089472','Sun Jul 16 13:39:19 +0000 2017',0,149,'2017-07-17 05:10:11.940572','2017-07-17 18:16:31.284827'),(285,2,'885154945732837376','Wed Jul 12 15:12:39 +0000 2017',11,1,'2017-07-17 05:10:11.941079','2017-07-17 05:10:11.941079'),(286,5,'886564707460689920','Sun Jul 16 12:34:32 +0000 2017',0,43,'2017-07-17 05:10:11.941700','2017-07-17 14:41:01.579513'),(287,10,'884341142774575104','Mon Jul 10 09:18:53 +0000 2017',0,49,'2017-07-17 05:10:11.942792','2017-07-17 05:10:11.942792'),(288,11,'884362617355202562','Mon Jul 10 10:44:13 +0000 2017',1,0,'2017-07-17 05:10:11.943223','2017-07-17 05:10:11.943223'),(289,14,'886608431750270977','Sun Jul 16 15:28:17 +0000 2017',0,813,'2017-07-17 05:10:11.943556','2017-07-17 18:16:26.669641'),(290,1,'886200037935652864','Sat Jul 15 12:25:28 +0000 2017',0,7,'2017-07-17 05:10:11.944119','2017-07-17 05:10:11.944119'),(291,7,'886573937232105473','Sun Jul 16 13:11:13 +0000 2017',0,42,'2017-07-17 05:10:11.944665','2017-07-17 14:41:01.784006'),(292,2,'885154869769797633','Wed Jul 12 15:12:20 +0000 2017',15,3,'2017-07-17 05:10:11.945462','2017-07-17 05:10:11.945462'),(293,1,'886185189201899520','Sat Jul 15 11:26:28 +0000 2017',0,4,'2017-07-17 05:10:11.946703','2017-07-17 05:10:11.946703'),(294,5,'886483232610557953','Sun Jul 16 07:10:47 +0000 2017',0,46,'2017-07-17 05:10:11.947021','2017-07-17 18:16:26.711035'),(295,2,'885152218785120256','Wed Jul 12 15:01:48 +0000 2017',8,3,'2017-07-17 05:10:11.947345','2017-07-17 05:10:11.947345'),(296,14,'886570516810805249','Sun Jul 16 12:57:37 +0000 2017',0,259,'2017-07-17 05:10:11.947661','2017-07-17 18:16:26.679856'),(297,11,'884358157350383616','Mon Jul 10 10:26:29 +0000 2017',0,27,'2017-07-17 05:10:11.948283','2017-07-17 14:41:01.207814'),(298,7,'886570111263526912','Sun Jul 16 12:56:00 +0000 2017',0,166,'2017-07-17 05:10:11.949859','2017-07-17 18:16:32.047262'),(299,5,'886133365744775168','Sat Jul 15 08:00:32 +0000 2017',0,117,'2017-07-17 05:10:11.950211','2017-07-17 18:16:26.722642'),(300,10,'884331794904076289','Mon Jul 10 08:41:44 +0000 2017',1,0,'2017-07-17 05:10:11.950582','2017-07-17 05:10:11.950582'),(301,1,'886185091277500416','Sat Jul 15 11:26:04 +0000 2017',0,8,'2017-07-17 05:10:11.949231','2017-07-17 05:10:11.949231'),(302,14,'886570229601619968','Sun Jul 16 12:56:29 +0000 2017',0,166,'2017-07-17 05:10:11.951181','2017-07-17 18:16:27.891482'),(303,5,'885884155803947008','Fri Jul 14 15:30:16 +0000 2017',0,45,'2017-07-17 05:10:11.952294','2017-07-17 05:10:11.952294'),(304,11,'884176325770182657','Sun Jul 09 22:23:57 +0000 2017',3,0,'2017-07-17 05:10:11.953111','2017-07-17 05:10:11.953111'),(305,10,'884100603022127104','Sun Jul 09 17:23:04 +0000 2017',159,50,'2017-07-17 05:10:11.953459','2017-07-17 05:10:11.953459'),(306,7,'886566359928320001','Sun Jul 16 12:41:06 +0000 2017',0,89,'2017-07-17 05:10:11.953823','2017-07-17 16:11:02.381873'),(307,5,'885880918568828929','Fri Jul 14 15:17:24 +0000 2017',83,17,'2017-07-17 05:10:11.954918','2017-07-17 05:10:11.954918'),(308,2,'885150252164108288','Wed Jul 12 14:54:00 +0000 2017',16,4,'2017-07-17 05:10:11.955247','2017-07-17 05:10:11.955247'),(309,10,'884072163430608898','Sun Jul 09 15:30:03 +0000 2017',0,43,'2017-07-17 05:10:11.955621','2017-07-17 05:10:11.955621'),(310,14,'886349690253582336','Sat Jul 15 22:20:08 +0000 2017',0,91,'2017-07-17 05:10:11.956366','2017-07-17 16:52:21.580495'),(311,1,'886173740287107073','Sat Jul 15 10:40:58 +0000 2017',47,7,'2017-07-17 05:10:11.957787','2017-07-17 05:10:11.957787'),(312,11,'884171666301038594','Sun Jul 09 22:05:27 +0000 2017',0,35,'2017-07-17 05:10:11.978760','2017-07-17 05:10:11.978760'),(313,7,'886566293029228544','Sun Jul 16 12:40:50 +0000 2017',0,38,'2017-07-17 05:10:11.979248','2017-07-17 16:30:14.474917'),(314,14,'886209494283423744','Sat Jul 15 13:03:03 +0000 2017',0,122,'2017-07-17 05:10:11.979778','2017-07-17 14:41:01.755882'),(315,2,'885148467122909184','Wed Jul 12 14:46:54 +0000 2017',8,1,'2017-07-17 05:10:11.980156','2017-07-17 05:10:11.980156'),(316,1,'886130914329321472','Sat Jul 15 07:50:48 +0000 2017',114,22,'2017-07-17 05:10:11.981006','2017-07-17 14:41:01.414041'),(317,5,'885845361348288514','Fri Jul 14 12:56:07 +0000 2017',0,12,'2017-07-17 05:10:11.988682','2017-07-17 14:41:01.603293'),(318,7,'886566270887485440','Sun Jul 16 12:40:45 +0000 2017',0,91,'2017-07-17 05:10:11.989115','2017-07-17 18:16:33.550334'),(319,1,'885835283043844096','Fri Jul 14 12:16:04 +0000 2017',151,37,'2017-07-17 05:10:11.991071','2017-07-17 14:41:01.426434'),(320,14,'886191177996926976','Sat Jul 15 11:50:16 +0000 2017',317,157,'2017-07-17 05:10:11.992044','2017-07-17 18:16:29.204331'),(321,2,'885139881961422850','Wed Jul 12 14:12:47 +0000 2017',15,5,'2017-07-17 05:10:11.992972','2017-07-17 05:10:11.992972'),(322,7,'886566149776969728','Sun Jul 16 12:40:16 +0000 2017',0,40,'2017-07-17 05:10:11.993307','2017-07-17 18:16:34.004992'),(323,1,'885555276518232064','Thu Jul 13 17:43:25 +0000 2017',0,16,'2017-07-17 05:10:11.993616','2017-07-17 05:10:11.993616'),(324,11,'884162115967340544','Sun Jul 09 21:27:30 +0000 2017',2,0,'2017-07-17 05:10:11.993945','2017-07-17 05:10:11.993945'),(325,12,'886698281799229441','Sun Jul 16 21:25:19 +0000 2017',64,11,'2017-07-17 05:10:11.994483','2017-07-17 18:16:26.645592'),(326,5,'885799799525711872','Fri Jul 14 09:55:04 +0000 2017',0,44,'2017-07-17 05:10:11.994807','2017-07-17 14:41:01.620587'),(327,2,'885068719575232512','Wed Jul 12 09:30:01 +0000 2017',13,4,'2017-07-17 05:10:11.995830','2017-07-17 05:10:11.995830'),(328,10,'883996341906657280','Sun Jul 09 10:28:46 +0000 2017',0,14,'2017-07-17 05:10:11.996540','2017-07-17 05:10:11.996540'),(329,12,'886563673556344832','Sun Jul 16 12:30:25 +0000 2017',154,43,'2017-07-17 05:10:11.997096','2017-07-17 16:52:20.199053'),(330,1,'885537100178894848','Thu Jul 13 16:31:11 +0000 2017',43,12,'2017-07-17 05:10:11.997403','2017-07-17 05:10:11.997403'),(331,5,'885520950791458816','Thu Jul 13 15:27:01 +0000 2017',139,64,'2017-07-17 05:10:11.998003','2017-07-17 14:41:01.628247'),(332,14,'885893037901180931','Fri Jul 14 16:05:33 +0000 2017',695,298,'2017-07-17 05:10:11.998516','2017-07-17 15:03:44.529451'),(333,11,'884161994093449216','Sun Jul 09 21:27:00 +0000 2017',3,0,'2017-07-17 05:10:11.999040','2017-07-17 05:10:11.999040'),(334,7,'886566052158742530','Sun Jul 16 12:39:53 +0000 2017',0,42,'2017-07-17 05:10:11.999478','2017-07-17 16:11:02.476715'),(335,13,'886630716171333634','Sun Jul 16 16:56:50 +0000 2017',25,1,'2017-07-17 05:10:12.000638','2017-07-17 14:41:01.434547'),(336,10,'883748512336314370','Sat Jul 08 18:03:59 +0000 2017',0,29,'2017-07-17 05:10:12.000946','2017-07-17 05:10:12.000946'),(337,1,'885517970667188224','Thu Jul 13 15:15:10 +0000 2017',43,5,'2017-07-17 05:10:12.001284','2017-07-17 05:10:12.001284'),(338,5,'885494333054607360','Thu Jul 13 13:41:15 +0000 2017',0,33,'2017-07-17 05:10:12.001823','2017-07-17 14:41:01.629852'),(339,11,'884158815381442560','Sun Jul 09 21:14:23 +0000 2017',0,18,'2017-07-17 05:10:12.002361','2017-07-17 05:10:12.002361'),(340,2,'885057270974959616','Wed Jul 12 08:44:31 +0000 2017',0,4,'2017-07-17 05:10:12.003152','2017-07-17 05:10:12.003152'),(341,14,'885815941208182784','Fri Jul 14 10:59:12 +0000 2017',0,177,'2017-07-17 05:10:12.003829','2017-07-17 14:41:01.763990'),(342,10,'883626144347672576','Sat Jul 08 09:57:44 +0000 2017',3,0,'2017-07-17 05:10:12.004450','2017-07-17 05:10:12.004450'),(343,5,'885472891139235841','Thu Jul 13 12:16:03 +0000 2017',0,87,'2017-07-17 05:10:12.004807','2017-07-17 16:52:24.189611'),(344,11,'884158546266521600','Sun Jul 09 21:13:18 +0000 2017',7,0,'2017-07-17 05:10:12.005703','2017-07-17 05:10:12.005703'),(345,7,'886565939285823488','Sun Jul 16 12:39:26 +0000 2017',0,165,'2017-07-17 05:10:12.006266','2017-07-17 18:16:34.803267'),(346,1,'885506266247901184','Thu Jul 13 14:28:40 +0000 2017',314,69,'2017-07-17 05:10:12.006841','2017-07-17 14:41:01.437772'),(347,10,'883616260696793088','Sat Jul 08 09:18:28 +0000 2017',738,350,'2017-07-17 05:10:12.007196','2017-07-17 05:10:12.007196'),(348,12,'886246967495577601','Sat Jul 15 15:31:57 +0000 2017',0,4,'2017-07-17 05:10:12.007832','2017-07-17 05:10:12.007832'),(349,7,'886565699317096448','Sun Jul 16 12:38:28 +0000 2017',0,33,'2017-07-17 05:10:12.009475','2017-07-17 18:16:35.214211'),(350,5,'885455000033538048','Thu Jul 13 11:04:57 +0000 2017',0,37,'2017-07-17 05:10:12.009841','2017-07-17 05:10:12.009841'),(351,2,'884780391550287872','Tue Jul 11 14:24:18 +0000 2017',0,9,'2017-07-17 05:10:12.010154','2017-07-17 05:10:12.010154'),(352,14,'885800346790002689','Fri Jul 14 09:57:14 +0000 2017',266,143,'2017-07-17 05:10:12.010585','2017-07-17 15:03:44.532872'),(353,12,'886246937913176064','Sat Jul 15 15:31:50 +0000 2017',0,34,'2017-07-17 05:10:12.011141','2017-07-17 14:41:01.737569'),(354,13,'886582261172359169','Sun Jul 16 13:44:17 +0000 2017',999,200,'2017-07-17 05:10:12.011449','2017-07-17 18:16:26.638443'),(355,10,'883349585372041216','Fri Jul 07 15:38:47 +0000 2017',0,18,'2017-07-17 05:10:12.011757','2017-07-17 05:10:12.011757'),(356,1,'885470648507789312','Thu Jul 13 12:07:08 +0000 2017',0,21,'2017-07-17 05:10:12.012081','2017-07-17 05:10:12.012081'),(357,11,'884158020065923073','Sun Jul 09 21:11:13 +0000 2017',2,0,'2017-07-17 05:10:12.013752','2017-07-17 05:10:12.013752'),(358,10,'883332325236510720','Fri Jul 07 14:30:12 +0000 2017',110,35,'2017-07-17 05:10:12.014076','2017-07-17 05:10:12.014076'),(359,13,'886261990536216577','Sat Jul 15 16:31:39 +0000 2017',11,0,'2017-07-17 05:10:12.014391','2017-07-17 05:10:12.014391'),(360,7,'886554619241009152','Sun Jul 16 11:54:27 +0000 2017',0,259,'2017-07-17 05:10:12.014911','2017-07-17 18:16:35.538245'),(361,1,'885468344396206081','Thu Jul 13 11:57:59 +0000 2017',0,269,'2017-07-17 05:10:12.015799','2017-07-17 18:16:39.821851'),(362,5,'885394801113399296','Thu Jul 13 07:05:45 +0000 2017',0,29,'2017-07-17 05:10:12.016498','2017-07-17 14:41:01.653275'),(363,11,'884157560500232196','Sun Jul 09 21:09:23 +0000 2017',0,311,'2017-07-17 05:10:12.017511','2017-07-17 05:10:12.017511'),(364,10,'883258227667984384','Fri Jul 07 09:35:46 +0000 2017',0,204,'2017-07-17 05:10:12.017875','2017-07-17 05:10:12.017875'),(365,13,'886257133880324096','Sat Jul 15 16:12:21 +0000 2017',187,42,'2017-07-17 05:10:12.018221','2017-07-17 18:16:26.669188'),(366,12,'886246900109803524','Sat Jul 15 15:31:41 +0000 2017',0,10,'2017-07-17 05:10:12.018788','2017-07-17 05:10:12.018788'),(367,1,'885468234052509699','Thu Jul 13 11:57:32 +0000 2017',0,49,'2017-07-17 05:10:12.019103','2017-07-17 05:10:12.019103'),(368,5,'885167420473790464','Wed Jul 12 16:02:13 +0000 2017',180,108,'2017-07-17 05:10:12.020126','2017-07-17 14:41:01.656312'),(369,11,'884155731892731904','Sun Jul 09 21:02:07 +0000 2017',62,20,'2017-07-17 05:10:12.020878','2017-07-17 05:10:12.020878'),(370,10,'883257934280613889','Fri Jul 07 09:34:36 +0000 2017',64,31,'2017-07-17 05:10:12.021255','2017-07-17 05:10:12.021255'),(371,13,'886251555699163137','Sat Jul 15 15:50:11 +0000 2017',39,2,'2017-07-17 05:10:12.021588','2017-07-17 05:10:12.021588'),(372,12,'886246792693764096','Sat Jul 15 15:31:15 +0000 2017',0,36,'2017-07-17 05:10:12.022124','2017-07-17 14:41:01.743938'),(373,1,'885401662470410240','Thu Jul 13 07:33:00 +0000 2017',94,21,'2017-07-17 05:10:12.022433','2017-07-17 14:41:01.464502'),(374,5,'885156839276642305','Wed Jul 12 15:20:10 +0000 2017',0,15,'2017-07-17 05:10:12.023367','2017-07-17 05:10:12.023367'),(375,11,'884154307645501440','Sun Jul 09 20:56:28 +0000 2017',0,36,'2017-07-17 05:10:12.024128','2017-07-17 05:10:12.024128'),(376,10,'882982582945820673','Thu Jul 06 15:20:27 +0000 2017',68,29,'2017-07-17 05:10:12.024476','2017-07-17 05:10:12.024476'),(377,13,'886249568177983488','Sat Jul 15 15:42:17 +0000 2017',0,16,'2017-07-17 05:10:12.024812','2017-07-17 05:10:12.024812'),(378,5,'885148666184564738','Wed Jul 12 14:47:41 +0000 2017',0,17,'2017-07-17 05:10:12.026150','2017-07-17 05:10:12.026150'),(379,11,'884154228532539397','Sun Jul 09 20:56:09 +0000 2017',0,63,'2017-07-17 05:10:12.026803','2017-07-17 05:10:12.026803'),(380,10,'882939653338300417','Thu Jul 06 12:29:52 +0000 2017',1,0,'2017-07-17 05:10:12.027182','2017-07-17 05:10:12.027182'),(381,14,'885793277303238656','Fri Jul 14 09:29:09 +0000 2017',247,90,'2017-07-17 05:10:12.027538','2017-07-17 14:41:01.777660'),(382,7,'886315867902005248','Sat Jul 15 20:05:44 +0000 2017',252,91,'2017-07-17 05:10:12.027991','2017-07-17 18:16:35.911216'),(383,12,'886241159219171330','Sat Jul 15 15:08:52 +0000 2017',0,10,'2017-07-17 05:10:12.025812','2017-07-17 05:10:12.025812'),(384,1,'885128571605446656','Wed Jul 12 13:27:51 +0000 2017',71,18,'2017-07-17 05:10:12.030282','2017-07-17 05:10:12.030282'),(385,14,'885587037839130630','Thu Jul 13 19:49:37 +0000 2017',0,140,'2017-07-17 05:10:12.030685','2017-07-17 05:10:12.030685'),(386,13,'886237877654433793','Sat Jul 15 14:55:50 +0000 2017',0,21,'2017-07-17 05:10:12.031009','2017-07-17 14:41:01.472732'),(387,7,'886282727535894528','Sat Jul 15 17:54:03 +0000 2017',9,1,'2017-07-17 05:10:12.031583','2017-07-17 05:10:12.031583'),(388,5,'884817115630514176','Tue Jul 11 16:50:14 +0000 2017',53,6,'2017-07-17 05:10:12.031954','2017-07-17 05:10:12.031954'),(389,10,'882923416281636865','Thu Jul 06 11:25:21 +0000 2017',76,36,'2017-07-17 05:10:12.032303','2017-07-17 05:10:12.032303'),(390,11,'884154208701870081','Sun Jul 09 20:56:04 +0000 2017',0,47,'2017-07-17 05:10:12.032934','2017-07-17 05:10:12.032934'),(391,12,'886241131180281856','Sat Jul 15 15:08:45 +0000 2017',0,4,'2017-07-17 05:10:12.033796','2017-07-17 05:10:12.033796'),(392,2,'884731620279943169','Tue Jul 11 11:10:30 +0000 2017',60,15,'2017-07-17 05:10:12.034442','2017-07-17 05:10:12.034442'),(393,10,'882853278589038592','Thu Jul 06 06:46:38 +0000 2017',0,299,'2017-07-17 05:10:12.035747','2017-07-17 05:10:12.035747'),(394,13,'886235356378656770','Sat Jul 15 14:45:49 +0000 2017',48,5,'2017-07-17 05:10:12.035100','2017-07-17 14:41:01.477918'),(395,12,'886241092554956806','Sat Jul 15 15:08:36 +0000 2017',0,6,'2017-07-17 05:10:12.036663','2017-07-17 05:10:12.036663'),(396,14,'885553404977852417','Thu Jul 13 17:35:59 +0000 2017',1064,813,'2017-07-17 05:10:12.037292','2017-07-17 18:16:31.785918'),(397,11,'884153684552241152','Sun Jul 09 20:53:59 +0000 2017',0,12,'2017-07-17 05:10:12.037753','2017-07-17 05:10:12.037753'),(398,1,'885042454226972672','Wed Jul 12 07:45:39 +0000 2017',0,21,'2017-07-17 05:10:12.038102','2017-07-17 05:10:12.038102'),(399,5,'884751939149463554','Tue Jul 11 12:31:14 +0000 2017',0,75,'2017-07-17 05:10:12.038749','2017-07-17 18:16:34.190495'),(400,2,'884731547370303488','Tue Jul 11 11:10:13 +0000 2017',19,5,'2017-07-17 05:10:12.040035','2017-07-17 05:10:12.040035'),(401,13,'886186958715858945','Sat Jul 15 11:33:30 +0000 2017',0,39,'2017-07-17 05:10:12.041651','2017-07-17 05:10:12.041651'),(402,11,'884153661198303233','Sun Jul 09 20:53:54 +0000 2017',0,26,'2017-07-17 05:10:12.042170','2017-07-17 05:10:12.042170'),(403,1,'885034446059077632','Wed Jul 12 07:13:49 +0000 2017',37,7,'2017-07-17 05:10:12.042564','2017-07-17 05:10:12.042564'),(404,10,'882536864728707075','Wed Jul 05 09:49:19 +0000 2017',2,1,'2017-07-17 05:10:12.043847','2017-07-17 05:10:12.043847'),(405,5,'884701259114131457','Tue Jul 11 09:09:51 +0000 2017',0,129,'2017-07-17 05:10:12.044186','2017-07-17 05:10:12.044186'),(406,14,'885543703091314688','Thu Jul 13 16:57:26 +0000 2017',0,206,'2017-07-17 05:10:12.044730','2017-07-17 14:41:01.791459'),(407,13,'885887640192643072','Fri Jul 14 15:44:07 +0000 2017',651,71,'2017-07-17 05:10:12.045311','2017-07-17 16:30:14.001848'),(408,7,'886280085090832384','Sat Jul 15 17:43:33 +0000 2017',0,28,'2017-07-17 05:10:12.045842','2017-07-17 05:10:12.045842'),(409,1,'884776765746536448','Tue Jul 11 14:09:53 +0000 2017',95,30,'2017-07-17 05:10:12.046153','2017-07-17 05:10:12.046153'),(410,14,'885482343544369152','Thu Jul 13 12:53:36 +0000 2017',0,158,'2017-07-17 05:10:12.047290','2017-07-17 05:10:12.047290'),(411,2,'884731490369753088','Tue Jul 11 11:09:59 +0000 2017',20,3,'2017-07-17 05:10:12.047608','2017-07-17 05:10:12.047608'),(412,5,'884681599010394112','Tue Jul 11 07:51:44 +0000 2017',0,104,'2017-07-17 05:10:12.047917','2017-07-17 05:10:12.047917'),(413,13,'885885600833949696','Fri Jul 14 15:36:00 +0000 2017',4,0,'2017-07-17 05:10:12.048232','2017-07-17 05:10:12.048232'),(414,12,'886241022539436032','Sat Jul 15 15:08:19 +0000 2017',0,28,'2017-07-17 05:10:12.041122','2017-07-17 05:10:12.041122'),(415,11,'884137170038116352','Sun Jul 09 19:48:22 +0000 2017',0,11,'2017-07-17 05:10:12.048879','2017-07-17 05:10:12.048879'),(416,7,'886279574061035520','Sat Jul 15 17:41:31 +0000 2017',321,201,'2017-07-17 05:10:12.050206','2017-07-17 18:16:37.020882'),(417,13,'885873102634221568','Fri Jul 14 14:46:21 +0000 2017',0,7,'2017-07-17 05:10:12.050545','2017-07-17 05:10:12.050545'),(418,1,'884491248836521984','Mon Jul 10 19:15:21 +0000 2017',0,11,'2017-07-17 05:10:12.050886','2017-07-17 05:10:12.050886'),(419,12,'886240964964225025','Sat Jul 15 15:08:06 +0000 2017',0,11,'2017-07-17 05:10:12.051663','2017-07-17 05:10:12.051663'),(420,10,'882517401232920576','Wed Jul 05 08:31:59 +0000 2017',211,55,'2017-07-17 05:10:12.052428','2017-07-17 05:10:12.052428'),(421,7,'886266201676107776','Sat Jul 15 16:48:23 +0000 2017',0,50,'2017-07-17 05:10:12.052956','2017-07-17 14:41:01.886279'),(422,2,'884730615865765888','Tue Jul 11 11:06:30 +0000 2017',20,5,'2017-07-17 05:10:12.053273','2017-07-17 05:10:12.053273'),(423,11,'884122879411056646','Sun Jul 09 18:51:35 +0000 2017',0,14,'2017-07-17 05:10:12.053607','2017-07-17 05:10:12.053607'),(424,13,'885871001262858240','Fri Jul 14 14:38:00 +0000 2017',2,0,'2017-07-17 05:10:12.054368','2017-07-17 05:10:12.054368'),(425,12,'886240926556971008','Sat Jul 15 15:07:57 +0000 2017',0,4,'2017-07-17 05:10:12.055389','2017-07-17 05:10:12.055389'),(426,10,'882140200880701440','Tue Jul 04 07:33:07 +0000 2017',0,42,'2017-07-17 05:10:12.055746','2017-07-17 05:10:12.055746'),(427,7,'886257700430073857','Sat Jul 15 16:14:36 +0000 2017',0,99,'2017-07-17 05:10:12.056288','2017-07-17 16:52:30.552018'),(428,2,'884730352920604678','Tue Jul 11 11:05:28 +0000 2017',5,0,'2017-07-17 05:10:12.056601','2017-07-17 05:10:12.056601'),(429,11,'884119114800824320','Sun Jul 09 18:36:37 +0000 2017',0,3,'2017-07-17 05:10:12.056930','2017-07-17 05:10:12.056930'),(430,14,'885463344907505664','Thu Jul 13 11:38:07 +0000 2017',0,184,'2017-07-17 05:10:12.057829','2017-07-17 05:10:12.057829'),(431,5,'884520498880815107','Mon Jul 10 21:11:35 +0000 2017',4,0,'2017-07-17 05:10:12.066674','2017-07-17 05:10:12.066674'),(432,2,'884730258863382528','Tue Jul 11 11:05:05 +0000 2017',47,3,'2017-07-17 05:10:12.067042','2017-07-17 05:10:12.067042'),(433,13,'885607922469924866','Thu Jul 13 21:12:37 +0000 2017',101,13,'2017-07-17 05:10:12.067756','2017-07-17 14:41:01.497358'),(434,14,'885216741512687617','Wed Jul 12 19:18:12 +0000 2017',309,110,'2017-07-17 05:10:12.068084','2017-07-17 05:10:12.068084'),(435,11,'883736613913808896','Sat Jul 08 17:16:42 +0000 2017',0,55,'2017-07-17 05:10:12.068631','2017-07-17 05:10:12.068631'),(436,7,'886254937394601984','Sat Jul 15 16:03:37 +0000 2017',197,76,'2017-07-17 05:10:12.069182','2017-07-17 18:16:38.169014'),(437,1,'884491218121523200','Mon Jul 10 19:15:14 +0000 2017',0,14,'2017-07-17 05:10:12.069724','2017-07-17 05:10:12.069724'),(438,2,'884730181344251904','Tue Jul 11 11:04:47 +0000 2017',15,3,'2017-07-17 05:10:12.070054','2017-07-17 05:10:12.070054'),(439,12,'886240917337907200','Sat Jul 15 15:07:54 +0000 2017',0,7,'2017-07-17 05:10:12.070613','2017-07-17 05:10:12.070613'),(440,11,'883648425048363008','Sat Jul 08 11:26:16 +0000 2017',0,86,'2017-07-17 05:10:12.072024','2017-07-17 05:10:12.072024'),(441,14,'885155416283521024','Wed Jul 12 15:14:31 +0000 2017',0,33,'2017-07-17 05:10:12.072381','2017-07-17 05:10:12.072381'),(442,4,'886618836996423681','Sun Jul 16 16:09:37 +0000 2017',81,32,'2017-07-17 05:10:12.072702','2017-07-17 16:11:01.738357'),(443,10,'881837398631612416','Mon Jul 03 11:29:54 +0000 2017',40,12,'2017-07-17 05:10:12.073809','2017-07-17 05:10:12.073809'),(444,1,'884467552977645568','Mon Jul 10 17:41:11 +0000 2017',0,10,'2017-07-17 05:10:12.074169','2017-07-17 05:10:12.074169'),(445,13,'885597270586085378','Thu Jul 13 20:30:17 +0000 2017',6,0,'2017-07-17 05:10:12.074547','2017-07-17 05:10:12.074547'),(446,12,'886225647462436864','Sat Jul 15 14:07:14 +0000 2017',0,14,'2017-07-17 05:10:12.075549','2017-07-17 05:10:12.075549'),(447,2,'884728349439873024','Tue Jul 11 10:57:30 +0000 2017',24,7,'2017-07-17 05:10:12.076708','2017-07-17 05:10:12.076708'),(448,7,'886249675342458881','Sat Jul 15 15:42:42 +0000 2017',0,90,'2017-07-17 05:10:12.077049','2017-07-17 18:16:38.540909'),(449,14,'885155396910030849','Wed Jul 12 15:14:26 +0000 2017',0,26,'2017-07-17 05:10:12.077377','2017-07-17 05:10:12.077377'),(450,13,'885502949375528964','Thu Jul 13 14:15:29 +0000 2017',253,23,'2017-07-17 05:10:12.077699','2017-07-17 16:11:01.638289'),(451,10,'881827851363913728','Mon Jul 03 10:51:57 +0000 2017',145,75,'2017-07-17 05:10:12.078225','2017-07-17 05:10:12.078225'),(452,1,'884431457938284544','Mon Jul 10 15:17:46 +0000 2017',48,6,'2017-07-17 05:10:12.078531','2017-07-17 05:10:12.078531'),(453,2,'884725886033027072','Tue Jul 11 10:47:43 +0000 2017',6,0,'2017-07-17 05:10:12.078887','2017-07-17 05:10:12.078887'),(454,4,'886467976689483778','Sun Jul 16 06:10:10 +0000 2017',0,16,'2017-07-17 05:10:12.079660','2017-07-17 05:10:12.079660'),(455,5,'884518313900077056','Mon Jul 10 21:02:54 +0000 2017',0,13,'2017-07-17 05:10:12.079980','2017-07-17 05:10:12.079980'),(456,1,'884429839381475328','Mon Jul 10 15:11:20 +0000 2017',10,3,'2017-07-17 05:10:12.080505','2017-07-17 05:10:12.080505'),(457,13,'885402191674171393','Thu Jul 13 07:35:07 +0000 2017',5,0,'2017-07-17 05:10:12.081237','2017-07-17 05:10:12.081237'),(458,7,'886249620426412032','Sat Jul 15 15:42:29 +0000 2017',0,110,'2017-07-17 05:10:12.081780','2017-07-17 14:41:01.902980'),(459,4,'886467927234490368','Sun Jul 16 06:09:58 +0000 2017',0,46,'2017-07-17 05:10:12.082507','2017-07-17 18:16:26.504144'),(460,5,'884517820939329537','Mon Jul 10 21:00:56 +0000 2017',0,27,'2017-07-17 05:10:12.083452','2017-07-17 14:41:01.730798'),(461,12,'886218841512173568','Sat Jul 15 13:40:11 +0000 2017',0,11,'2017-07-17 05:10:12.083759','2017-07-17 05:10:12.083759'),(462,10,'881477451779584000','Sun Jul 02 11:39:36 +0000 2017',0,3,'2017-07-17 05:10:12.084080','2017-07-17 05:10:12.084080'),(463,7,'886218285758504960','Sat Jul 15 13:37:59 +0000 2017',0,33,'2017-07-17 05:10:12.084392','2017-07-17 05:10:12.084392'),(464,14,'885155377884614656','Wed Jul 12 15:14:22 +0000 2017',0,37,'2017-07-17 05:10:12.085000','2017-07-17 05:10:12.085000'),(465,4,'886467098234454016','Sun Jul 16 06:06:40 +0000 2017',0,38,'2017-07-17 05:10:12.086279','2017-07-17 16:11:01.808220'),(466,11,'883627631060684800','Sat Jul 08 10:03:38 +0000 2017',325,134,'2017-07-17 05:10:12.086820','2017-07-17 05:10:12.086820'),(467,10,'881176497180094465','Sat Jul 01 15:43:43 +0000 2017',145,47,'2017-07-17 05:10:12.087138','2017-07-17 05:10:12.087138'),(468,2,'884723394301874179','Tue Jul 11 10:37:49 +0000 2017',0,1,'2017-07-17 05:10:12.087447','2017-07-17 05:10:12.087447'),(469,13,'885401691142729728','Thu Jul 13 07:33:07 +0000 2017',13,0,'2017-07-17 05:10:12.087754','2017-07-17 05:10:12.087754'),(470,5,'884439428638400512','Mon Jul 10 15:49:26 +0000 2017',0,11,'2017-07-17 05:10:12.088623','2017-07-17 05:10:12.088623'),(471,12,'886206606723223552','Sat Jul 15 12:51:34 +0000 2017',121,41,'2017-07-17 05:10:12.088980','2017-07-17 18:16:33.182387'),(472,1,'884386029645561858','Mon Jul 10 12:17:15 +0000 2017',111,26,'2017-07-17 05:10:12.090201','2017-07-17 05:10:12.090201'),(473,14,'885145538328481793','Wed Jul 12 14:35:16 +0000 2017',0,58,'2017-07-17 05:10:12.090964','2017-07-17 05:10:12.090964'),(474,10,'881037231552512003','Sat Jul 01 06:30:19 +0000 2017',0,94,'2017-07-17 05:10:12.091691','2017-07-17 05:10:12.091691'),(475,4,'886185287218606080','Sat Jul 15 11:26:51 +0000 2017',0,52,'2017-07-17 05:10:12.092142','2017-07-17 16:11:01.849906'),(476,5,'884406986565181444','Mon Jul 10 13:40:31 +0000 2017',0,111,'2017-07-17 05:10:12.092646','2017-07-17 05:10:12.092646'),(477,12,'886187329945206784','Sat Jul 15 11:34:58 +0000 2017',0,9,'2017-07-17 05:10:12.093852','2017-07-17 05:10:12.093852'),(478,11,'883597222184714246','Sat Jul 08 08:02:48 +0000 2017',0,22,'2017-07-17 05:10:12.095007','2017-07-17 05:10:12.095007'),(479,7,'886215216324898816','Sat Jul 15 13:25:47 +0000 2017',6,2,'2017-07-17 05:10:12.095380','2017-07-17 05:10:12.095380'),(480,4,'886159312065884160','Sat Jul 15 09:43:38 +0000 2017',0,107,'2017-07-17 05:10:12.096017','2017-07-17 16:11:01.880960'),(481,14,'885144666869465092','Wed Jul 12 14:31:48 +0000 2017',420,235,'2017-07-17 05:10:12.096367','2017-07-17 14:41:01.858718'),(482,5,'884338107050582017','Mon Jul 10 09:06:49 +0000 2017',0,135,'2017-07-17 05:10:12.096741','2017-07-17 05:10:12.096741'),(483,10,'880877460748988416','Fri Jun 30 19:55:27 +0000 2017',2,0,'2017-07-17 05:10:12.097341','2017-07-17 05:10:12.097341'),(484,13,'885199399831449605','Wed Jul 12 18:09:17 +0000 2017',2,0,'2017-07-17 05:10:12.097864','2017-07-17 05:10:12.097864'),(485,1,'884385715144052737','Mon Jul 10 12:16:00 +0000 2017',32,7,'2017-07-17 05:10:12.098601','2017-07-17 05:10:12.098601'),(486,14,'885080843798159360','Wed Jul 12 10:18:11 +0000 2017',217,110,'2017-07-17 05:10:12.099178','2017-07-17 05:10:12.099178'),(487,7,'886202044134162433','Sat Jul 15 12:33:26 +0000 2017',171,71,'2017-07-17 05:10:12.099495','2017-07-17 18:16:40.122910'),(488,4,'885940190228996102','Fri Jul 14 19:12:55 +0000 2017',0,17,'2017-07-17 05:10:12.099832','2017-07-17 16:11:01.904361'),(489,12,'886165003648331776','Sat Jul 15 10:06:15 +0000 2017',0,9,'2017-07-17 05:10:12.100975','2017-07-17 05:10:12.100975'),(490,1,'884385631513849856','Mon Jul 10 12:15:40 +0000 2017',50,5,'2017-07-17 05:10:12.101281','2017-07-17 05:10:12.101281'),(491,11,'883578955625885696','Sat Jul 08 06:50:13 +0000 2017',403,131,'2017-07-17 05:10:12.101600','2017-07-17 05:10:12.101600'),(492,10,'880864254496296960','Fri Jun 30 19:02:58 +0000 2017',0,62,'2017-07-17 05:10:12.102851','2017-07-17 05:10:12.102851'),(493,5,'884322296747446272','Mon Jul 10 08:04:00 +0000 2017',0,35,'2017-07-17 05:10:12.103814','2017-07-17 05:10:12.103814'),(494,7,'886200169255108608','Sat Jul 15 12:25:59 +0000 2017',0,23,'2017-07-17 05:10:12.104560','2017-07-17 05:10:12.104560'),(495,11,'883371256401342465','Fri Jul 07 17:04:54 +0000 2017',17,4,'2017-07-17 05:10:12.104955','2017-07-17 14:41:01.265278'),(496,13,'885185263571546114','Wed Jul 12 17:13:07 +0000 2017',0,4,'2017-07-17 05:10:12.105692','2017-07-17 05:10:12.105692'),(497,14,'885062731228950533','Wed Jul 12 09:06:13 +0000 2017',0,38,'2017-07-17 05:10:12.106207','2017-07-17 05:10:12.106207'),(498,12,'886140264338862080','Sat Jul 15 08:27:57 +0000 2017',27,1,'2017-07-17 05:10:12.106634','2017-07-17 05:10:12.106634'),(499,1,'884385504539672576','Mon Jul 10 12:15:10 +0000 2017',29,5,'2017-07-17 05:10:12.107271','2017-07-17 05:10:12.107271'),(500,4,'885905336196116480','Fri Jul 14 16:54:26 +0000 2017',0,121,'2017-07-17 05:10:12.108344','2017-07-17 14:41:01.505223'),(501,12,'886132890685378561','Sat Jul 15 07:58:39 +0000 2017',361,117,'2017-07-17 05:10:12.109848','2017-07-17 18:16:34.734496'),(502,10,'880830316772040705','Fri Jun 30 16:48:07 +0000 2017',0,15,'2017-07-17 05:10:12.110205','2017-07-17 05:10:12.110205'),(503,1,'884385429507760129','Mon Jul 10 12:14:52 +0000 2017',96,17,'2017-07-17 05:10:12.110558','2017-07-17 05:10:12.110558'),(504,5,'884158602747027456','Sun Jul 09 21:13:32 +0000 2017',66,18,'2017-07-17 05:10:12.111510','2017-07-17 14:41:01.749656'),(505,7,'886194715221266436','Sat Jul 15 12:04:19 +0000 2017',0,319,'2017-07-17 05:10:12.111855','2017-07-17 18:16:41.122339'),(506,11,'883322753381740545','Fri Jul 07 13:52:10 +0000 2017',0,144,'2017-07-17 05:10:12.112163','2017-07-17 05:10:12.112163'),(507,13,'885176486122147843','Wed Jul 12 16:38:14 +0000 2017',2,0,'2017-07-17 05:10:12.112727','2017-07-17 05:10:12.112727'),(508,12,'885881275390849024','Fri Jul 14 15:18:49 +0000 2017',35,7,'2017-07-17 05:10:12.113044','2017-07-17 05:10:12.113044'),(509,10,'880826009272147969','Fri Jun 30 16:31:00 +0000 2017',0,30,'2017-07-17 05:10:12.113564','2017-07-17 05:10:12.113564'),(510,13,'885173801411104769','Wed Jul 12 16:27:34 +0000 2017',0,39,'2017-07-17 05:10:12.114654','2017-07-17 05:10:12.114654'),(511,7,'886194393086009344','Sat Jul 15 12:03:02 +0000 2017',263,122,'2017-07-17 05:10:12.115199','2017-07-17 18:16:41.594903'),(512,12,'885874896550625280','Fri Jul 14 14:53:28 +0000 2017',0,9,'2017-07-17 05:10:12.115530','2017-07-17 05:10:12.115530'),(513,14,'885049905605206018','Wed Jul 12 08:15:15 +0000 2017',0,50,'2017-07-17 05:10:12.115841','2017-07-17 05:10:12.115841'),(514,10,'880812208816607232','Fri Jun 30 15:36:09 +0000 2017',0,10,'2017-07-17 05:10:12.116821','2017-07-17 05:10:12.116821'),(515,1,'884385370820968450','Mon Jul 10 12:14:38 +0000 2017',44,9,'2017-07-17 05:10:12.117136','2017-07-17 05:10:12.117136'),(516,4,'885902154124460032','Fri Jul 14 16:41:47 +0000 2017',187,90,'2017-07-17 05:10:12.118040','2017-07-17 16:11:01.965873'),(517,13,'885160205100736513','Wed Jul 12 15:33:33 +0000 2017',0,101,'2017-07-17 05:10:12.118350','2017-07-17 14:41:01.536301'),(518,14,'884837881747034112','Tue Jul 11 18:12:45 +0000 2017',0,207,'2017-07-17 05:10:12.118663','2017-07-17 05:10:12.118663'),(519,7,'886193104272973825','Sat Jul 15 11:57:55 +0000 2017',1,0,'2017-07-17 05:10:12.119170','2017-07-17 05:10:12.119170'),(520,10,'880793116357341189','Fri Jun 30 14:20:17 +0000 2017',0,36,'2017-07-17 05:10:12.120442','2017-07-17 05:10:12.120442'),(521,12,'885845727381004288','Fri Jul 14 12:57:34 +0000 2017',0,7,'2017-07-17 05:10:12.120789','2017-07-17 05:10:12.120789'),(522,1,'884385264159916033','Mon Jul 10 12:14:12 +0000 2017',12,3,'2017-07-17 05:10:12.121118','2017-07-17 05:10:12.121118'),(523,13,'885082883043586050','Wed Jul 12 10:26:18 +0000 2017',21,0,'2017-07-17 05:10:12.122366','2017-07-17 05:10:12.122366'),(524,4,'885886852653342720','Fri Jul 14 15:40:59 +0000 2017',0,13,'2017-07-17 05:10:12.122703','2017-07-17 14:41:01.534679'),(525,7,'886191615416696833','Sat Jul 15 11:52:00 +0000 2017',0,182,'2017-07-17 05:10:12.123052','2017-07-17 16:52:34.946963'),(526,5,'884150750053531650','Sun Jul 09 20:42:20 +0000 2017',91,26,'2017-07-17 05:10:12.123391','2017-07-17 05:10:12.123391'),(527,14,'884831938334400514','Tue Jul 11 17:49:08 +0000 2017',0,83,'2017-07-17 05:10:12.124007','2017-07-17 05:10:12.124007'),(528,7,'886191538920935424','Sat Jul 15 11:51:42 +0000 2017',0,157,'2017-07-17 05:10:12.124877','2017-07-17 18:16:42.881518'),(529,10,'880745674777743360','Fri Jun 30 11:11:46 +0000 2017',0,49,'2017-07-17 05:10:12.125280','2017-07-17 05:10:12.125280'),(530,11,'883303093286391808','Fri Jul 07 12:34:03 +0000 2017',0,19,'2017-07-17 05:10:12.127516','2017-07-17 05:10:12.127516'),(531,12,'885816021906579456','Fri Jul 14 10:59:31 +0000 2017',0,15,'2017-07-17 05:10:12.128314','2017-07-17 05:10:12.128314'),(532,4,'885855152858705920','Fri Jul 14 13:35:01 +0000 2017',0,93,'2017-07-17 05:10:12.128724','2017-07-17 05:10:12.128724'),(533,14,'884831907531431937','Tue Jul 11 17:49:00 +0000 2017',0,142,'2017-07-17 05:10:12.129081','2017-07-17 05:10:12.129081'),(534,7,'886189239221858305','Sat Jul 15 11:42:33 +0000 2017',0,16,'2017-07-17 05:10:12.129398','2017-07-17 05:10:12.129398'),(535,13,'885082679376580608','Wed Jul 12 10:25:29 +0000 2017',6,0,'2017-07-17 05:10:12.129721','2017-07-17 05:10:12.129721'),(536,10,'880695405083754498','Fri Jun 30 07:52:01 +0000 2017',91,22,'2017-07-17 05:10:12.130517','2017-07-17 05:10:12.130517'),(537,12,'885782513955852288','Fri Jul 14 08:46:23 +0000 2017',35,6,'2017-07-17 05:10:12.131822','2017-07-17 05:10:12.131822'),(538,11,'883302812708478976','Fri Jul 07 12:32:56 +0000 2017',0,43,'2017-07-17 05:10:12.132166','2017-07-17 05:10:12.132166'),(539,7,'886173147661205504','Sat Jul 15 10:38:37 +0000 2017',310,188,'2017-07-17 05:10:12.132501','2017-07-17 18:16:43.796073'),(540,5,'884150348117659648','Sun Jul 09 20:40:44 +0000 2017',59,12,'2017-07-17 05:10:12.133013','2017-07-17 05:10:12.133013'),(541,14,'884784727135318017','Tue Jul 11 14:41:32 +0000 2017',0,412,'2017-07-17 05:10:12.133322','2017-07-17 14:41:01.871625'),(542,4,'885799482297864192','Fri Jul 14 09:53:48 +0000 2017',0,67,'2017-07-17 05:10:12.133643','2017-07-17 05:10:12.133643'),(543,13,'885082368956149761','Wed Jul 12 10:24:15 +0000 2017',3,0,'2017-07-17 05:10:12.134434','2017-07-17 05:10:12.134434'),(544,12,'885782120882462720','Fri Jul 14 08:44:49 +0000 2017',4,2,'2017-07-17 05:10:12.135029','2017-07-17 05:10:12.135029'),(545,14,'884754849224691712','Tue Jul 11 12:42:48 +0000 2017',0,127,'2017-07-17 05:10:12.135766','2017-07-17 05:10:12.135766'),(546,7,'886171162014822400','Sat Jul 15 10:30:43 +0000 2017',0,202,'2017-07-17 05:10:12.136515','2017-07-17 18:16:44.183090'),(547,5,'884147196337238016','Sun Jul 09 20:28:12 +0000 2017',94,63,'2017-07-17 05:10:12.137128','2017-07-17 14:41:01.758922'),(548,13,'885082244355903488','Wed Jul 12 10:23:45 +0000 2017',11,0,'2017-07-17 05:10:12.137844','2017-07-17 05:10:12.137844'),(549,14,'884526762436198401','Mon Jul 10 21:36:28 +0000 2017',0,185,'2017-07-17 05:10:12.138806','2017-07-17 05:10:12.138806'),(550,12,'885527377824055296','Thu Jul 13 15:52:33 +0000 2017',0,64,'2017-07-17 05:10:12.139172','2017-07-17 05:10:12.139172'),(551,11,'883261875462582274','Fri Jul 07 09:50:15 +0000 2017',0,108,'2017-07-17 05:10:12.139710','2017-07-17 05:10:12.139710'),(552,13,'884855954751324161','Tue Jul 11 19:24:34 +0000 2017',0,16,'2017-07-17 05:10:12.140520','2017-07-17 05:10:12.140520'),(553,12,'885493580902563848','Thu Jul 13 13:38:16 +0000 2017',116,33,'2017-07-17 05:10:12.141147','2017-07-17 14:41:01.794657'),(554,14,'884422075175370753','Mon Jul 10 14:40:29 +0000 2017',0,23,'2017-07-17 05:10:12.141763','2017-07-17 05:10:12.141763'),(555,4,'885656701386596354','Fri Jul 14 00:26:26 +0000 2017',0,21,'2017-07-17 05:10:12.142130','2017-07-17 05:10:12.142130'),(556,13,'884855297294172161','Tue Jul 11 19:21:57 +0000 2017',0,41,'2017-07-17 05:10:12.142534','2017-07-17 05:10:12.142534'),(557,14,'884421828759965696','Mon Jul 10 14:39:30 +0000 2017',759,450,'2017-07-17 05:10:12.143668','2017-07-17 18:16:42.627187'),(558,4,'885565076312346624','Thu Jul 13 18:22:21 +0000 2017',0,23,'2017-07-17 05:10:12.144006','2017-07-17 05:10:12.144006'),(559,13,'884854890190786560','Tue Jul 11 19:20:20 +0000 2017',121,1,'2017-07-17 05:10:12.144314','2017-07-17 05:10:12.144314'),(560,14,'884379671319785472','Mon Jul 10 11:51:59 +0000 2017',0,269,'2017-07-17 05:10:12.145276','2017-07-17 05:10:12.145276'),(561,4,'885564963162607617','Thu Jul 13 18:21:54 +0000 2017',0,10,'2017-07-17 05:10:12.145588','2017-07-17 14:41:01.557107'),(562,7,'886125692479578112','Sat Jul 15 07:30:03 +0000 2017',0,758,'2017-07-17 05:10:12.146545','2017-07-17 16:52:36.975213'),(563,14,'884352123894411264','Mon Jul 10 10:02:31 +0000 2017',512,240,'2017-07-17 05:10:12.146858','2017-07-17 16:11:02.351055'),(564,12,'885473664334012420','Thu Jul 13 12:19:07 +0000 2017',88,25,'2017-07-17 05:10:12.147162','2017-07-17 05:10:12.147162'),(565,7,'886117234732564480','Sat Jul 15 06:56:26 +0000 2017',0,129,'2017-07-17 05:10:12.148124','2017-07-17 05:10:12.148124'),(566,14,'884101320583634945','Sun Jul 09 17:25:55 +0000 2017',0,81,'2017-07-17 05:10:12.148448','2017-07-17 05:10:12.148448'),(567,12,'885453182175981572','Thu Jul 13 10:57:44 +0000 2017',79,37,'2017-07-17 05:10:12.148762','2017-07-17 05:10:12.148762'),(568,7,'886117216739090432','Sat Jul 15 06:56:22 +0000 2017',0,160,'2017-07-17 05:10:12.149687','2017-07-17 16:52:37.744050'),(569,14,'884101226681573377','Sun Jul 09 17:25:32 +0000 2017',0,59,'2017-07-17 05:10:12.149996','2017-07-17 05:10:12.149996'),(570,12,'885397262637166597','Thu Jul 13 07:15:31 +0000 2017',0,29,'2017-07-17 05:10:12.150298','2017-07-17 14:41:01.820943'),(571,7,'886117192009486336','Sat Jul 15 06:56:16 +0000 2017',0,298,'2017-07-17 05:10:12.151249','2017-07-17 16:52:38.176861'),(572,14,'884101147203694593','Sun Jul 09 17:25:13 +0000 2017',0,457,'2017-07-17 05:10:12.151551','2017-07-17 05:10:12.151551'),(573,12,'885171269469122560','Wed Jul 12 16:17:30 +0000 2017',0,108,'2017-07-17 05:10:12.151899','2017-07-17 05:10:12.151899'),(574,4,'885564868539142144','Thu Jul 13 18:21:32 +0000 2017',0,45,'2017-07-17 05:10:12.152884','2017-07-17 05:10:12.152884'),(575,14,'884101116866301952','Sun Jul 09 17:25:06 +0000 2017',0,59,'2017-07-17 05:10:12.153196','2017-07-17 05:10:12.153196'),(576,12,'885164270740262912','Wed Jul 12 15:49:42 +0000 2017',30,7,'2017-07-17 05:10:12.153519','2017-07-17 05:10:12.153519'),(577,13,'884818255680065536','Tue Jul 11 16:54:45 +0000 2017',0,7,'2017-07-17 05:10:12.154095','2017-07-17 05:10:12.154095'),(578,11,'883251668263030784','Fri Jul 07 09:09:42 +0000 2017',66,26,'2017-07-17 05:10:12.155469','2017-07-17 05:10:12.155469'),(579,4,'885527197796241409','Thu Jul 13 15:51:50 +0000 2017',0,19,'2017-07-17 05:10:12.155832','2017-07-17 05:10:12.155832'),(580,5,'884147016967884800','Sun Jul 09 20:27:30 +0000 2017',80,47,'2017-07-17 05:10:12.156399','2017-07-17 05:10:12.156399'),(581,13,'884818122536087552','Tue Jul 11 16:54:14 +0000 2017',0,2,'2017-07-17 05:10:12.156909','2017-07-17 05:10:12.156909'),(582,14,'884100981474111489','Sun Jul 09 17:24:34 +0000 2017',0,468,'2017-07-17 05:10:12.157231','2017-07-17 05:10:12.157231'),(583,11,'883250164957405187','Fri Jul 07 09:03:43 +0000 2017',128,50,'2017-07-17 05:10:12.157575','2017-07-17 05:10:12.157575'),(584,12,'885155828243861504','Wed Jul 12 15:16:09 +0000 2017',0,0,'2017-07-17 05:10:12.157957','2017-07-17 05:10:12.157957'),(585,13,'884814363709853698','Tue Jul 11 16:39:18 +0000 2017',24,0,'2017-07-17 05:10:12.159967','2017-07-17 05:10:12.159967'),(586,11,'883247520964644864','Fri Jul 07 08:53:13 +0000 2017',0,70,'2017-07-17 05:10:12.160383','2017-07-17 05:10:12.160383'),(587,12,'885140168172326912','Wed Jul 12 14:13:55 +0000 2017',0,24,'2017-07-17 05:10:12.160749','2017-07-17 05:10:12.160749'),(588,13,'884812412502855682','Tue Jul 11 16:31:32 +0000 2017',11,1,'2017-07-17 05:10:12.161764','2017-07-17 05:10:12.161764'),(589,11,'883233776733753344','Fri Jul 07 07:58:36 +0000 2017',15,4,'2017-07-17 05:10:12.162091','2017-07-17 05:10:12.162091'),(590,12,'885124353171619840','Wed Jul 12 13:11:05 +0000 2017',73,17,'2017-07-17 05:10:12.162430','2017-07-17 05:10:12.162430'),(591,7,'886116788471304192','Sat Jul 15 06:54:40 +0000 2017',0,178,'2017-07-17 05:10:12.163295','2017-07-17 05:10:12.163295'),(592,4,'885527102866567168','Thu Jul 13 15:51:28 +0000 2017',0,326,'2017-07-17 05:10:12.163627','2017-07-17 16:11:02.090251'),(593,11,'882964062220496896','Thu Jul 06 14:06:51 +0000 2017',0,38,'2017-07-17 05:10:12.164701','2017-07-17 05:10:12.164701'),(594,12,'885112532389818368','Wed Jul 12 12:24:06 +0000 2017',0,8,'2017-07-17 05:10:12.165029','2017-07-17 14:41:01.861022'),(595,7,'885933625732157440','Fri Jul 14 18:46:50 +0000 2017',103,129,'2017-07-17 05:10:12.165359','2017-07-17 16:52:38.919504'),(596,5,'884146932582580225','Sun Jul 09 20:27:10 +0000 2017',0,36,'2017-07-17 05:10:12.165954','2017-07-17 05:10:12.165954'),(597,14,'884055123969929216','Sun Jul 09 14:22:21 +0000 2017',0,179,'2017-07-17 05:10:12.166542','2017-07-17 05:10:12.166542'),(598,11,'882868423314878466','Thu Jul 06 07:46:49 +0000 2017',0,40,'2017-07-17 05:10:12.167105','2017-07-17 05:10:12.167105'),(599,13,'884811935795081216','Tue Jul 11 16:29:39 +0000 2017',426,70,'2017-07-17 05:10:12.167458','2017-07-17 16:11:01.915167'),(600,5,'884146839527858177','Sun Jul 09 20:26:47 +0000 2017',48,12,'2017-07-17 05:10:12.168462','2017-07-17 05:10:12.168462'),(601,11,'882663107138596876','Wed Jul 05 18:10:58 +0000 2017',0,135,'2017-07-17 05:10:12.168816','2017-07-17 05:10:12.168816'),(602,13,'884805420287709184','Tue Jul 11 16:03:45 +0000 2017',4,0,'2017-07-17 05:10:12.169138','2017-07-17 05:10:12.169138'),(603,14,'884011813414854656','Sun Jul 09 11:30:15 +0000 2017',146,51,'2017-07-17 05:10:12.170267','2017-07-17 05:10:12.170267'),(604,7,'885933193794392064','Fri Jul 14 18:45:07 +0000 2017',177,78,'2017-07-17 05:10:12.170627','2017-07-17 18:16:46.936646'),(605,13,'884805074563854336','Tue Jul 11 16:02:23 +0000 2017',0,18,'2017-07-17 05:10:12.171041','2017-07-17 05:10:12.171041'),(606,12,'885078097908858881','Wed Jul 12 10:07:17 +0000 2017',0,30,'2017-07-17 05:10:12.172083','2017-07-17 05:10:12.172083'),(607,11,'882599301788184577','Wed Jul 05 13:57:26 +0000 2017',0,45,'2017-07-17 05:10:12.172623','2017-07-17 05:10:12.172623'),(608,14,'883996928819826688','Sun Jul 09 10:31:06 +0000 2017',622,388,'2017-07-17 05:10:12.172979','2017-07-17 05:10:12.172979'),(609,13,'884804556076593152','Tue Jul 11 16:00:19 +0000 2017',2,0,'2017-07-17 05:10:12.174576','2017-07-17 05:10:12.174576'),(610,7,'885931567926976533','Fri Jul 14 18:38:40 +0000 2017',0,91,'2017-07-17 05:10:12.174966','2017-07-17 16:52:39.714602'),(611,14,'883627327044898816','Sat Jul 08 10:02:26 +0000 2017',0,191,'2017-07-17 05:10:12.175335','2017-07-17 05:10:12.175335'),(612,13,'884804410152558592','Tue Jul 11 15:59:44 +0000 2017',0,0,'2017-07-17 05:10:12.176446','2017-07-17 05:10:12.176446'),(613,7,'885879942554296322','Fri Jul 14 15:13:31 +0000 2017',0,11,'2017-07-17 05:10:12.176782','2017-07-17 05:10:12.176782'),(614,14,'883627313119850497','Sat Jul 08 10:02:23 +0000 2017',609,272,'2017-07-17 05:10:12.177116','2017-07-17 05:10:12.177116'),(615,13,'884804110511374336','Tue Jul 11 15:58:33 +0000 2017',0,5,'2017-07-17 05:10:12.178213','2017-07-17 05:10:12.178213'),(616,11,'882589544230551552','Wed Jul 05 13:18:39 +0000 2017',0,15,'2017-07-17 05:10:12.178558','2017-07-17 05:10:12.178558'),(617,7,'885872317762592768','Fri Jul 14 14:43:13 +0000 2017',0,213,'2017-07-17 05:10:12.178900','2017-07-17 16:52:40.433149'),(618,5,'884146371045072896','Sun Jul 09 20:24:56 +0000 2017',48,9,'2017-07-17 05:10:12.179244','2017-07-17 05:10:12.179244'),(619,4,'885527078728335360','Thu Jul 13 15:51:22 +0000 2017',0,23,'2017-07-17 05:10:12.180047','2017-07-17 05:10:12.180047'),(620,14,'883314215347511296','Fri Jul 07 13:18:14 +0000 2017',0,404,'2017-07-17 05:10:12.180366','2017-07-17 05:10:12.180366'),(621,11,'882589301304942596','Wed Jul 05 13:17:41 +0000 2017',0,44,'2017-07-17 05:10:12.180906','2017-07-17 05:10:12.180906'),(622,12,'885073283191844864','Wed Jul 12 09:48:09 +0000 2017',0,313,'2017-07-17 05:10:12.181451','2017-07-17 14:41:01.867642'),(623,5,'884144824332451840','Sun Jul 09 20:18:47 +0000 2017',38,15,'2017-07-17 05:10:12.182370','2017-07-17 05:10:12.182370'),(624,4,'885527062399897600','Thu Jul 13 15:51:18 +0000 2017',0,101,'2017-07-17 05:10:12.183035','2017-07-17 05:10:12.183035'),(625,13,'884802192967860224','Tue Jul 11 15:50:56 +0000 2017',38,3,'2017-07-17 05:10:12.184028','2017-07-17 05:10:12.184028'),(626,12,'885048686211981312','Wed Jul 12 08:10:24 +0000 2017',0,79,'2017-07-17 05:10:12.184765','2017-07-17 14:41:01.871146'),(627,14,'883290040209723393','Fri Jul 07 11:42:10 +0000 2017',600,250,'2017-07-17 05:10:12.185085','2017-07-17 05:10:12.185085'),(628,5,'884141551710085121','Sun Jul 09 20:05:47 +0000 2017',58,9,'2017-07-17 05:10:12.185455','2017-07-17 05:10:12.185455'),(629,4,'885527048684535808','Thu Jul 13 15:51:15 +0000 2017',0,12,'2017-07-17 05:10:12.185764','2017-07-17 05:10:12.185764'),(630,11,'882572785062641665','Wed Jul 05 12:12:04 +0000 2017',0,19,'2017-07-17 05:10:12.186511','2017-07-17 05:10:12.186511'),(631,14,'883227524205096960','Fri Jul 07 07:33:46 +0000 2017',272,126,'2017-07-17 05:10:12.186847','2017-07-17 16:52:39.170569'),(632,13,'884801599700422658','Tue Jul 11 15:48:34 +0000 2017',107,14,'2017-07-17 05:10:12.187412','2017-07-17 05:10:12.187412'),(633,12,'885046781284954113','Wed Jul 12 08:02:50 +0000 2017',11,3,'2017-07-17 05:10:12.188208','2017-07-17 05:10:12.188208'),(634,11,'882550077864194050','Wed Jul 05 10:41:50 +0000 2017',0,70,'2017-07-17 05:10:12.188754','2017-07-17 05:10:12.188754'),(635,5,'884136327607988226','Sun Jul 09 19:45:01 +0000 2017',22,11,'2017-07-17 05:10:12.189063','2017-07-17 05:10:12.189063'),(636,13,'884721001967353857','Tue Jul 11 10:28:18 +0000 2017',3,0,'2017-07-17 05:10:12.189660','2017-07-17 05:10:12.189660'),(637,14,'883079895978565633','Thu Jul 06 21:47:08 +0000 2017',0,100,'2017-07-17 05:10:12.190457','2017-07-17 05:10:12.190457'),(638,11,'882545087955259394','Wed Jul 05 10:22:00 +0000 2017',0,4,'2017-07-17 05:10:12.191005','2017-07-17 05:10:12.191005'),(639,12,'885038363593641984','Wed Jul 12 07:29:23 +0000 2017',32,24,'2017-07-17 05:10:12.191359','2017-07-17 05:10:12.191359'),(640,5,'884118505708302337','Sun Jul 09 18:34:12 +0000 2017',0,3,'2017-07-17 05:10:12.192619','2017-07-17 05:10:12.192619'),(641,11,'882532387716042752','Wed Jul 05 09:31:32 +0000 2017',0,36,'2017-07-17 05:10:12.193292','2017-07-17 05:10:12.193292'),(642,13,'884718853355438080','Tue Jul 11 10:19:46 +0000 2017',17,0,'2017-07-17 05:10:12.193936','2017-07-17 05:10:12.193936'),(643,12,'885024524772794370','Wed Jul 12 06:34:24 +0000 2017',0,18,'2017-07-17 05:10:12.194725','2017-07-17 05:10:12.194725'),(644,4,'885485550773428224','Thu Jul 13 13:06:21 +0000 2017',0,7,'2017-07-17 05:10:12.195051','2017-07-17 05:10:12.195051'),(645,5,'884113706166218752','Sun Jul 09 18:15:08 +0000 2017',0,0,'2017-07-17 05:10:12.195363','2017-07-17 05:10:12.195363'),(646,11,'882524371285405696','Wed Jul 05 08:59:41 +0000 2017',42,14,'2017-07-17 05:10:12.195673','2017-07-17 05:10:12.195673'),(647,12,'884870487037366272','Tue Jul 11 20:22:18 +0000 2017',0,9,'2017-07-17 05:10:12.196864','2017-07-17 05:10:12.196864'),(648,4,'885473138846433280','Thu Jul 13 12:17:02 +0000 2017',0,58,'2017-07-17 05:10:12.197182','2017-07-17 05:10:12.197182'),(649,5,'884113521340022785','Sun Jul 09 18:14:24 +0000 2017',2,0,'2017-07-17 05:10:12.197498','2017-07-17 05:10:12.197498'),(650,11,'882508028016250880','Wed Jul 05 07:54:44 +0000 2017',0,20,'2017-07-17 05:10:12.197815','2017-07-17 05:10:12.197815'),(651,13,'884384664558989312','Mon Jul 10 12:11:49 +0000 2017',28,1,'2017-07-17 05:10:12.199053','2017-07-17 05:10:12.199053'),(652,5,'884113144527900672','Sun Jul 09 18:12:54 +0000 2017',0,784,'2017-07-17 05:10:12.199375','2017-07-17 05:10:12.199375'),(653,14,'883057866470551555','Thu Jul 06 20:19:36 +0000 2017',0,126,'2017-07-17 05:10:12.199698','2017-07-17 16:52:39.940479'),(654,12,'884829006197129216','Tue Jul 11 17:37:29 +0000 2017',75,4,'2017-07-17 05:10:12.200267','2017-07-17 05:10:12.200267'),(655,13,'884368068742434817','Mon Jul 10 11:05:53 +0000 2017',0,44,'2017-07-17 05:10:12.201204','2017-07-17 05:10:12.201204'),(656,5,'884112565353070592','Sun Jul 09 18:10:36 +0000 2017',0,68,'2017-07-17 05:10:12.201563','2017-07-17 05:10:12.201563'),(657,4,'885443551680704513','Thu Jul 13 10:19:28 +0000 2017',26,12,'2017-07-17 05:10:12.201903','2017-07-17 05:10:12.201903'),(658,13,'884354524600819713','Mon Jul 10 10:12:03 +0000 2017',0,18,'2017-07-17 05:10:12.203169','2017-07-17 05:10:12.203169'),(659,14,'882989600796545025','Thu Jul 06 15:48:20 +0000 2017',359,144,'2017-07-17 05:10:12.203488','2017-07-17 16:52:40.298850'),(660,5,'884061916087365632','Sun Jul 09 14:49:20 +0000 2017',0,78,'2017-07-17 05:10:12.203802','2017-07-17 05:10:12.203802'),(661,4,'885442433437323264','Thu Jul 13 10:15:01 +0000 2017',0,28,'2017-07-17 05:10:12.204119','2017-07-17 05:10:12.204119'),(662,12,'884807534732881920','Tue Jul 11 16:12:09 +0000 2017',0,129,'2017-07-17 05:10:12.205392','2017-07-17 05:10:12.205392'),(663,5,'884016414746714112','Sun Jul 09 11:48:32 +0000 2017',0,22,'2017-07-17 05:10:12.206431','2017-07-17 05:10:12.206431'),(664,4,'885442213907484673','Thu Jul 13 10:14:09 +0000 2017',0,26,'2017-07-17 05:10:12.206766','2017-07-17 05:10:12.206766'),(665,13,'884317689807872002','Mon Jul 10 07:45:41 +0000 2017',6,0,'2017-07-17 05:10:12.207114','2017-07-17 05:10:12.207114'),(666,12,'884805990708899842','Tue Jul 11 16:06:01 +0000 2017',0,9,'2017-07-17 05:10:12.207463','2017-07-17 05:10:12.207463'),(667,4,'885427382852755458','Thu Jul 13 09:15:13 +0000 2017',200,80,'2017-07-17 05:10:12.208978','2017-07-17 05:10:12.208978'),(668,5,'883957357654540289','Sun Jul 09 07:53:51 +0000 2017',0,157,'2017-07-17 05:10:12.209413','2017-07-17 05:10:12.209413'),(669,12,'884766726604324865','Tue Jul 11 13:30:00 +0000 2017',0,11,'2017-07-17 05:10:12.210096','2017-07-17 05:10:12.210096'),(670,13,'884308292956295168','Mon Jul 10 07:08:21 +0000 2017',823,108,'2017-07-17 05:10:12.211238','2017-07-17 16:11:02.122560'),(671,12,'884747896557637632','Tue Jul 11 12:15:11 +0000 2017',206,75,'2017-07-17 05:10:12.211562','2017-07-17 18:16:47.387321'),(672,4,'885426347115520002','Thu Jul 13 09:11:06 +0000 2017',0,11,'2017-07-17 05:10:12.212093','2017-07-17 05:10:12.212093'),(673,5,'883713788486266885','Sat Jul 08 15:46:00 +0000 2017',106,55,'2017-07-17 05:10:12.212938','2017-07-17 05:10:12.212938'),(674,12,'884676752945152001','Tue Jul 11 07:32:29 +0000 2017',206,104,'2017-07-17 05:10:12.213518','2017-07-17 18:16:47.787405'),(675,13,'884307761017872384','Mon Jul 10 07:06:14 +0000 2017',0,42,'2017-07-17 05:10:12.214055','2017-07-17 05:10:12.214055'),(676,4,'885218150211624962','Wed Jul 12 19:23:48 +0000 2017',0,90,'2017-07-17 05:10:12.214360','2017-07-17 05:10:12.214360'),(677,5,'883629654103523328','Sat Jul 08 10:11:41 +0000 2017',153,86,'2017-07-17 05:10:12.214809','2017-07-17 16:52:39.273905'),(678,4,'885128232718217216','Wed Jul 12 13:26:30 +0000 2017',43,25,'2017-07-17 05:10:12.216299','2017-07-17 05:10:12.216299'),(679,5,'883593835204538369','Sat Jul 08 07:49:21 +0000 2017',0,216,'2017-07-17 05:10:12.216663','2017-07-17 05:10:12.216663'),(680,4,'885103204341604353','Wed Jul 12 11:47:02 +0000 2017',0,49,'2017-07-17 05:10:12.217487','2017-07-17 05:10:12.217487'),(681,5,'883593782310182912','Sat Jul 08 07:49:08 +0000 2017',0,131,'2017-07-17 05:10:12.217845','2017-07-17 05:10:12.217845'),(682,4,'885103171412123649','Wed Jul 12 11:46:55 +0000 2017',0,48,'2017-07-17 05:10:12.218991','2017-07-17 05:10:12.218991'),(683,4,'885088627528781826','Wed Jul 12 10:49:07 +0000 2017',115,54,'2017-07-17 05:10:12.220231','2017-07-17 16:52:33.289193'),(684,4,'884891784840716288','Tue Jul 11 21:46:56 +0000 2017',0,24,'2017-07-17 05:10:12.221043','2017-07-17 05:10:12.221043'),(685,4,'884748816481648640','Tue Jul 11 12:18:50 +0000 2017',0,101,'2017-07-17 05:10:12.221912','2017-07-17 05:10:12.221912'),(686,4,'884746997730861056','Tue Jul 11 12:11:36 +0000 2017',0,9,'2017-07-17 05:10:12.222610','2017-07-17 05:10:12.222610'),(687,4,'884718225388384256','Tue Jul 11 10:17:16 +0000 2017',36,31,'2017-07-17 05:10:12.223341','2017-07-17 05:10:12.223341'),(688,4,'884715059833954304','Tue Jul 11 10:04:42 +0000 2017',0,99,'2017-07-17 05:10:12.224631','2017-07-17 05:10:12.224631'),(689,4,'884715038816260096','Tue Jul 11 10:04:37 +0000 2017',0,164,'2017-07-17 05:10:12.225940','2017-07-17 05:10:12.225940'),(690,4,'884430569890820096','Mon Jul 10 15:14:14 +0000 2017',0,34,'2017-07-17 05:10:12.227149','2017-07-17 05:10:12.227149'),(691,4,'884430538219671553','Mon Jul 10 15:14:06 +0000 2017',0,23,'2017-07-17 05:10:12.227847','2017-07-17 05:10:12.227847'),(692,4,'884429232490860544','Mon Jul 10 15:08:55 +0000 2017',0,0,'2017-07-17 05:10:12.228502','2017-07-17 05:10:12.228502'),(693,4,'884418443969257473','Mon Jul 10 14:26:03 +0000 2017',131,44,'2017-07-17 05:10:12.229153','2017-07-17 05:10:12.229153'),(694,4,'884375667583963137','Mon Jul 10 11:36:04 +0000 2017',75,38,'2017-07-17 05:10:12.229794','2017-07-17 05:10:12.229794'),(695,4,'884371100565680132','Mon Jul 10 11:17:55 +0000 2017',64,18,'2017-07-17 05:10:12.230437','2017-07-17 05:10:12.230437'),(696,4,'884369788071542784','Mon Jul 10 11:12:42 +0000 2017',52,8,'2017-07-17 05:10:12.231088','2017-07-17 05:10:12.231088'),(697,4,'884368601150566402','Mon Jul 10 11:07:59 +0000 2017',233,82,'2017-07-17 05:10:12.231781','2017-07-17 05:10:12.231781'),(698,4,'884368116104429569','Mon Jul 10 11:06:04 +0000 2017',79,24,'2017-07-17 05:10:12.232504','2017-07-17 05:10:12.232504'),(699,4,'884367740118736896','Mon Jul 10 11:04:34 +0000 2017',60,16,'2017-07-17 05:10:12.233165','2017-07-17 05:10:12.233165'),(700,4,'884366451498303490','Mon Jul 10 10:59:27 +0000 2017',34,20,'2017-07-17 05:10:12.233830','2017-07-17 05:10:12.233830'),(701,11,'886867111032836097','Mon Jul 17 08:36:11 +0000 2017',0,60,'2017-07-17 14:41:01.181537','2017-07-17 18:16:26.504538'),(702,11,'886854483065446402','Mon Jul 17 07:46:00 +0000 2017',0,150,'2017-07-17 14:41:01.186966','2017-07-17 18:16:26.533627'),(703,8,'886959556781383680','Mon Jul 17 14:43:31 +0000 2017',782,186,'2017-07-17 14:41:01.187812','2017-07-17 18:16:47.152726'),(704,8,'886853329447518211','Mon Jul 17 07:41:25 +0000 2017',1297,207,'2017-07-17 14:41:01.189129','2017-07-17 18:16:26.557469'),(705,1,'886863967913738240','Mon Jul 17 08:23:41 +0000 2017',398,110,'2017-07-17 14:41:01.224652','2017-07-17 18:16:26.387186'),(706,6,'886971053389623298','Mon Jul 17 15:29:12 +0000 2017',29,6,'2017-07-17 14:41:01.255830','2017-07-17 18:16:26.489484'),(707,6,'886944229116739585','Mon Jul 17 13:42:37 +0000 2017',0,21,'2017-07-17 14:41:01.258899','2017-07-17 18:16:26.518563'),(708,6,'886914390724939776','Mon Jul 17 11:44:03 +0000 2017',130,38,'2017-07-17 14:41:01.262824','2017-07-17 18:16:26.546441'),(709,6,'886900571445309440','Mon Jul 17 10:49:08 +0000 2017',0,18,'2017-07-17 14:41:01.265856','2017-07-17 18:16:26.565504'),(710,6,'886874210408300544','Mon Jul 17 09:04:23 +0000 2017',492,191,'2017-07-17 14:41:01.275124','2017-07-17 18:16:48.940172'),(711,6,'886872391204450304','Mon Jul 17 08:57:10 +0000 2017',0,5,'2017-07-17 14:41:01.278061','2017-07-17 14:41:01.278061'),(712,6,'886868096073555968','Mon Jul 17 08:40:05 +0000 2017',0,8,'2017-07-17 14:41:01.282480','2017-07-17 14:41:01.282480'),(713,6,'886867812425371648','Mon Jul 17 08:38:58 +0000 2017',0,30,'2017-07-17 14:41:01.299866','2017-07-17 14:41:01.299866'),(714,2,'886973827728764928','Mon Jul 17 15:40:14 +0000 2017',6,0,'2017-07-17 14:41:01.326991','2017-07-17 18:16:26.212956'),(715,2,'886973700289040385','Mon Jul 17 15:39:43 +0000 2017',10,1,'2017-07-17 14:41:01.330507','2017-07-17 18:16:26.243494'),(716,2,'886965928075960320','Mon Jul 17 15:08:50 +0000 2017',13,4,'2017-07-17 14:41:01.336581','2017-07-17 18:16:26.262337'),(717,2,'886922762211778560','Mon Jul 17 12:17:19 +0000 2017',49,9,'2017-07-17 14:41:01.351305','2017-07-17 18:16:26.281800'),(718,2,'886922514479415296','Mon Jul 17 12:16:20 +0000 2017',37,11,'2017-07-17 14:41:01.370170','2017-07-17 18:16:26.303509'),(719,2,'886922432543641600','Mon Jul 17 12:16:00 +0000 2017',15,5,'2017-07-17 14:41:01.388003','2017-07-17 18:16:26.322531'),(720,2,'886922325068849153','Mon Jul 17 12:15:35 +0000 2017',24,10,'2017-07-17 14:41:01.414980','2017-07-17 18:16:26.347057'),(721,2,'886922235226849280','Mon Jul 17 12:15:13 +0000 2017',10,2,'2017-07-17 14:41:01.427628','2017-07-17 18:16:26.374972'),(722,2,'886918539474489344','Mon Jul 17 12:00:32 +0000 2017',23,6,'2017-07-17 14:41:01.430601','2017-07-17 18:16:26.394178'),(723,13,'886905478239924226','Mon Jul 17 11:08:38 +0000 2017',0,191,'2017-07-17 14:41:01.431349','2017-07-17 18:16:26.559162'),(724,2,'886918516863119360','Mon Jul 17 12:00:27 +0000 2017',18,8,'2017-07-17 14:41:01.435263','2017-07-17 18:16:26.426489'),(725,2,'886907280633069568','Mon Jul 17 11:15:48 +0000 2017',35,2,'2017-07-17 14:41:01.447321','2017-07-17 18:16:49.692842'),(726,2,'886906239032143872','Mon Jul 17 11:11:39 +0000 2017',0,23,'2017-07-17 14:41:01.449757','2017-07-17 18:16:50.038560'),(727,2,'886876145022631937','Mon Jul 17 09:12:04 +0000 2017',15,3,'2017-07-17 14:41:01.453136','2017-07-17 18:16:50.501644'),(728,4,'886956202600673280','Mon Jul 17 14:30:12 +0000 2017',16,7,'2017-07-17 14:41:01.453950','2017-07-17 18:16:26.361815'),(729,4,'886955596196524032','Mon Jul 17 14:27:47 +0000 2017',68,28,'2017-07-17 14:41:01.456636','2017-07-17 18:16:26.393493'),(730,2,'886876130665431040','Mon Jul 17 09:12:01 +0000 2017',20,6,'2017-07-17 14:41:01.457468','2017-07-17 18:16:50.825539'),(731,4,'886906962931220480','Mon Jul 17 11:14:32 +0000 2017',94,23,'2017-07-17 14:41:01.462161','2017-07-17 18:16:47.726070'),(732,2,'886875941531734016','Mon Jul 17 09:11:16 +0000 2017',28,6,'2017-07-17 14:41:01.468271','2017-07-17 18:16:51.165324'),(733,4,'886904900520685568','Mon Jul 17 11:06:20 +0000 2017',43,14,'2017-07-17 14:41:01.470939','2017-07-17 18:16:26.439442'),(734,2,'886869938954272768','Mon Jul 17 08:47:25 +0000 2017',0,3,'2017-07-17 14:41:01.475614','2017-07-17 14:41:01.475614'),(735,4,'886903198039982081','Mon Jul 17 10:59:34 +0000 2017',26,12,'2017-07-17 14:41:01.477207','2017-07-17 18:16:26.468726'),(736,2,'886865121066266625','Mon Jul 17 08:28:16 +0000 2017',0,3,'2017-07-17 14:41:01.478940','2017-07-17 14:41:01.478940'),(737,2,'886858264054333440','Mon Jul 17 08:01:01 +0000 2017',11,1,'2017-07-17 14:41:01.482573','2017-07-17 18:16:52.256120'),(738,2,'886849036694593536','Mon Jul 17 07:24:21 +0000 2017',9,1,'2017-07-17 14:41:01.485716','2017-07-17 18:16:52.605487'),(739,5,'886979696826744834','Mon Jul 17 16:03:33 +0000 2017',151,65,'2017-07-17 14:41:01.521177','2017-07-17 18:16:26.638018'),(740,5,'886973999581986822','Mon Jul 17 15:40:55 +0000 2017',97,34,'2017-07-17 14:41:01.535004','2017-07-17 18:16:26.659199'),(741,5,'886864089611481089','Mon Jul 17 08:24:10 +0000 2017',0,60,'2017-07-17 14:41:01.542356','2017-07-17 18:16:26.662754'),(742,7,'886975827593879552','Mon Jul 17 15:48:11 +0000 2017',168,76,'2017-07-17 14:41:01.560678','2017-07-17 18:16:26.911100'),(743,7,'886974374598914048','Mon Jul 17 15:42:24 +0000 2017',0,39,'2017-07-17 14:41:01.564733','2017-07-17 18:16:48.793564'),(744,7,'886974223041921025','Mon Jul 17 15:41:48 +0000 2017',0,466,'2017-07-17 14:41:01.578708','2017-07-17 18:16:49.142684'),(745,7,'886974096336146437','Mon Jul 17 15:41:18 +0000 2017',0,30,'2017-07-17 14:41:01.587090','2017-07-17 18:16:49.432142'),(746,7,'886974056033079297','Mon Jul 17 15:41:08 +0000 2017',0,98,'2017-07-17 14:41:01.599658','2017-07-17 18:16:49.780748'),(747,7,'886972226741956608','Mon Jul 17 15:33:52 +0000 2017',0,22,'2017-07-17 14:41:01.605190','2017-07-17 18:16:50.140570'),(748,7,'886972026640105473','Mon Jul 17 15:33:04 +0000 2017',0,119,'2017-07-17 14:41:01.621957','2017-07-17 18:16:50.568805'),(749,7,'886970527973347332','Mon Jul 17 15:27:07 +0000 2017',0,272,'2017-07-17 14:41:01.624763','2017-07-17 18:16:50.885570'),(750,7,'886970294879088640','Mon Jul 17 15:26:12 +0000 2017',0,26,'2017-07-17 14:41:01.627412','2017-07-17 18:16:51.289106'),(751,7,'886970073751138307','Mon Jul 17 15:25:19 +0000 2017',47,15,'2017-07-17 14:41:01.630500','2017-07-17 18:16:51.730747'),(752,7,'886969554223681536','Mon Jul 17 15:23:15 +0000 2017',35,10,'2017-07-17 14:41:01.634229','2017-07-17 18:16:52.090425'),(753,7,'886969027654017028','Mon Jul 17 15:21:09 +0000 2017',33,11,'2017-07-17 14:41:01.654939','2017-07-17 18:16:52.479325'),(754,7,'886968473154445312','Mon Jul 17 15:18:57 +0000 2017',47,11,'2017-07-17 14:41:01.664714','2017-07-17 18:16:52.827531'),(755,14,'886976528046850050','Mon Jul 17 15:50:58 +0000 2017',0,39,'2017-07-17 14:41:01.666416','2017-07-17 18:16:26.448264'),(756,7,'886966888777101312','Mon Jul 17 15:12:39 +0000 2017',234,129,'2017-07-17 14:41:01.668598','2017-07-17 18:16:53.223591'),(757,12,'886975803459854336','Mon Jul 17 15:48:05 +0000 2017',50,7,'2017-07-17 14:41:01.673374','2017-07-17 18:16:26.425489'),(758,7,'886964840371290113','Mon Jul 17 15:04:31 +0000 2017',169,82,'2017-07-17 14:41:01.702106','2017-07-17 18:16:53.534424'),(759,14,'886973748913504257','Mon Jul 17 15:39:55 +0000 2017',250,98,'2017-07-17 14:41:01.703685','2017-07-17 18:16:26.485622'),(760,12,'886974689117122560','Mon Jul 17 15:43:39 +0000 2017',0,34,'2017-07-17 14:41:01.704652','2017-07-17 18:16:26.442189'),(761,10,'886973861023145985','Mon Jul 17 15:40:22 +0000 2017',0,1,'2017-07-17 14:41:01.706174','2017-07-17 14:41:01.706174'),(762,14,'886971823249911808','Mon Jul 17 15:32:16 +0000 2017',0,82,'2017-07-17 14:41:01.706510','2017-07-17 18:16:26.518944'),(763,12,'886968822263144448','Mon Jul 17 15:20:20 +0000 2017',87,22,'2017-07-17 14:41:01.707141','2017-07-17 18:16:26.503136'),(764,10,'886940494890229760','Mon Jul 17 13:27:47 +0000 2017',0,43,'2017-07-17 14:41:01.708679','2017-07-17 18:16:26.441784'),(765,12,'886952861535543296','Mon Jul 17 14:16:55 +0000 2017',0,4,'2017-07-17 14:41:01.709480','2017-07-17 16:11:01.858640'),(766,14,'886971778429571072','Mon Jul 17 15:32:05 +0000 2017',0,10,'2017-07-17 14:41:01.711220','2017-07-17 16:30:14.050743'),(767,12,'886916952161222656','Mon Jul 17 11:54:14 +0000 2017',0,3,'2017-07-17 14:41:01.711918','2017-07-17 14:41:01.711918'),(768,7,'886963909479067648','Mon Jul 17 15:00:49 +0000 2017',240,109,'2017-07-17 14:41:01.713129','2017-07-17 18:16:53.849586'),(769,14,'886971741922365440','Mon Jul 17 15:31:57 +0000 2017',0,109,'2017-07-17 14:41:01.713659','2017-07-17 18:16:26.546801'),(770,12,'886910838996692997','Mon Jul 17 11:29:56 +0000 2017',2,0,'2017-07-17 14:41:01.715773','2017-07-17 14:41:01.715773'),(771,14,'886971559356878848','Mon Jul 17 15:31:13 +0000 2017',225,119,'2017-07-17 14:41:01.716910','2017-07-17 18:16:26.628187'),(772,7,'886962839650545665','Mon Jul 17 14:56:34 +0000 2017',0,173,'2017-07-17 14:41:01.717641','2017-07-17 18:16:54.200790'),(773,12,'886864899791519744','Mon Jul 17 08:27:23 +0000 2017',0,60,'2017-07-17 14:41:01.718464','2017-07-17 18:16:26.603312'),(774,14,'886970723469856769','Mon Jul 17 15:27:54 +0000 2017',0,129,'2017-07-17 14:41:01.727554','2017-07-17 18:16:26.646449'),(775,7,'886962549056516096','Mon Jul 17 14:55:25 +0000 2017',0,95,'2017-07-17 14:41:01.729613','2017-07-17 18:16:54.603713'),(776,3,'886974586205728768','Mon Jul 17 15:43:15 +0000 2017',0,24,'2017-07-17 14:41:01.732165','2017-07-17 18:16:26.919123'),(777,14,'886927770391072768','Mon Jul 17 12:37:13 +0000 2017',380,173,'2017-07-17 14:41:01.732543','2017-07-17 18:16:26.661168'),(778,7,'886962505578401792','Mon Jul 17 14:55:14 +0000 2017',0,249,'2017-07-17 14:41:01.733596','2017-07-17 18:16:54.984902'),(779,3,'886953666623787008','Mon Jul 17 14:20:07 +0000 2017',0,58,'2017-07-17 14:41:01.736155','2017-07-17 18:16:26.988372'),(780,3,'886953567038439424','Mon Jul 17 14:19:43 +0000 2017',0,6,'2017-07-17 14:41:01.737926','2017-07-17 18:16:27.031657'),(781,7,'886962479439519744','Mon Jul 17 14:55:08 +0000 2017',0,142,'2017-07-17 14:41:01.738265','2017-07-17 18:16:55.325838'),(782,7,'886962456094027777','Mon Jul 17 14:55:03 +0000 2017',0,290,'2017-07-17 14:41:01.741758','2017-07-17 18:16:55.697241'),(783,3,'886937325791576064','Mon Jul 17 13:15:11 +0000 2017',0,25,'2017-07-17 14:41:01.744778','2017-07-17 15:03:44.569691'),(784,3,'886937269613060098','Mon Jul 17 13:14:58 +0000 2017',0,11,'2017-07-17 14:41:01.747862','2017-07-17 18:16:27.078900'),(785,3,'886933711266209792','Mon Jul 17 13:00:49 +0000 2017',0,12,'2017-07-17 14:41:01.750529','2017-07-17 18:16:27.118297'),(786,3,'886924719349522433','Mon Jul 17 12:25:06 +0000 2017',0,16,'2017-07-17 14:41:01.755428','2017-07-17 14:41:01.755428'),(787,3,'886924607877509120','Mon Jul 17 12:24:39 +0000 2017',0,2,'2017-07-17 14:41:01.758001','2017-07-17 14:41:01.758001'),(788,3,'886924481284984832','Mon Jul 17 12:24:09 +0000 2017',0,5,'2017-07-17 14:41:01.761292','2017-07-17 14:41:01.761292'),(789,3,'886917679042396160','Mon Jul 17 11:57:07 +0000 2017',40,6,'2017-07-17 14:41:01.764581','2017-07-17 18:16:50.465272'),(790,3,'886915469588008961','Mon Jul 17 11:48:20 +0000 2017',0,2,'2017-07-17 14:41:01.773389','2017-07-17 14:41:01.773389'),(791,3,'886915235667464192','Mon Jul 17 11:47:24 +0000 2017',0,4,'2017-07-17 14:41:01.775935','2017-07-17 14:41:01.775935'),(792,3,'886886457373335552','Mon Jul 17 09:53:03 +0000 2017',130,61,'2017-07-17 14:41:01.777968','2017-07-17 18:16:51.628080'),(793,3,'886857550699933696','Mon Jul 17 07:58:11 +0000 2017',0,207,'2017-07-17 14:41:01.781728','2017-07-17 18:16:52.095101'),(794,3,'886853944718368768','Mon Jul 17 07:43:52 +0000 2017',0,17,'2017-07-17 14:41:01.785858','2017-07-17 14:41:01.785858'),(795,3,'886851477880352770','Mon Jul 17 07:34:03 +0000 2017',0,18,'2017-07-17 14:41:01.788365','2017-07-17 14:41:01.788365'),(796,3,'886992702088282112','Mon Jul 17 16:55:14 +0000 2017',86,41,'2017-07-17 15:03:44.561818','2017-07-17 18:16:26.902498'),(797,7,'886992896142053376','Mon Jul 17 16:56:00 +0000 2017',102,63,'2017-07-17 15:03:44.906764','2017-07-17 18:16:26.831949'),(798,7,'886991078787862529','Mon Jul 17 16:48:47 +0000 2017',0,170,'2017-07-17 15:03:44.907509','2017-07-17 18:16:26.882492'),(799,7,'886991055861809157','Mon Jul 17 16:48:41 +0000 2017',0,97,'2017-07-17 15:03:44.908141','2017-07-17 18:16:26.903220'),(800,8,'887008746244890624','Mon Jul 17 17:58:59 +0000 2017',291,64,'2017-07-17 16:11:00.934710','2017-07-17 18:16:26.457111'),(801,3,'887010930818781185','Mon Jul 17 18:07:40 +0000 2017',0,64,'2017-07-17 16:11:01.245490','2017-07-17 18:16:26.888939'),(802,7,'887005892172009472','Mon Jul 17 17:47:39 +0000 2017',0,26,'2017-07-17 16:11:01.512664','2017-07-17 18:16:26.789741'),(803,8,'887019570992603136','Mon Jul 17 18:42:00 +0000 2017',211,27,'2017-07-17 16:52:19.788000','2017-07-17 18:16:26.418799'),(804,3,'887022014720073728','Mon Jul 17 18:51:43 +0000 2017',0,27,'2017-07-17 16:52:19.980728','2017-07-17 18:16:26.840692'),(805,7,'887022040787681280','Mon Jul 17 18:51:49 +0000 2017',0,29,'2017-07-17 16:52:20.023787','2017-07-17 18:16:57.426839'),(806,4,'887035122373021697','Mon Jul 17 19:43:48 +0000 2017',0,45,'2017-07-17 18:16:26.348393','2017-07-17 18:16:26.348393'),(807,7,'887039784266420225','Mon Jul 17 20:02:19 +0000 2017',22,10,'2017-07-17 18:16:26.615791','2017-07-17 18:16:26.615791'),(808,7,'887037731439878145','Mon Jul 17 19:54:10 +0000 2017',0,15,'2017-07-17 18:16:26.657033','2017-07-17 18:16:26.657033'),(809,7,'887023000335339521','Mon Jul 17 18:55:38 +0000 2017',0,79,'2017-07-17 18:16:26.675855','2017-07-17 18:16:26.675855'),(810,7,'887022923332157440','Mon Jul 17 18:55:19 +0000 2017',0,52,'2017-07-17 18:16:26.678133','2017-07-17 18:16:26.678133');
/*!40000 ALTER TABLE `twitter_posts` ENABLE KEYS */;
UNLOCK TABLES;
/*!40103 SET TIME_ZONE=@OLD_TIME_ZONE */;

/*!40101 SET SQL_MODE=@OLD_SQL_MODE */;
/*!40014 SET FOREIGN_KEY_CHECKS=@OLD_FOREIGN_KEY_CHECKS */;
/*!40014 SET UNIQUE_CHECKS=@OLD_UNIQUE_CHECKS */;
/*!40101 SET CHARACTER_SET_CLIENT=@OLD_CHARACTER_SET_CLIENT */;
/*!40101 SET CHARACTER_SET_RESULTS=@OLD_CHARACTER_SET_RESULTS */;
/*!40101 SET COLLATION_CONNECTION=@OLD_COLLATION_CONNECTION */;
/*!40111 SET SQL_NOTES=@OLD_SQL_NOTES */;

-- Dump completed on 2017-07-17 22:54:13
